batch_size,num_hist,frameskip,T,num_episodes,num_workers,slices,train_samples,steps,training_ok,rollout_ok,vram_train_mib,vram_train_pct,vram_val_peak_mib,vram_val_peak_pct,val_overhead_pct,vram_ok,score,attention_seq_len,attention_mib
4,1,1,22,500,2,21,9450,2363,True,True,4870.4,19.8,5547.1,22.6,13.9,True,1000.04,196,154.9
4,1,1,22,1000,2,21,18900,4725,True,True,4870.4,19.8,5547.1,22.6,13.9,True,1000.02,196,154.9
8,1,1,22,500,2,21,9450,1182,True,True,7182.0,29.2,8152.9,33.2,13.5,True,1000.08,196,309.9
8,1,1,22,1000,2,21,18900,2363,True,True,7182.0,29.2,8152.9,33.2,13.5,True,1000.04,196,309.9
16,1,1,22,500,2,21,9450,591,True,True,11805.2,48.1,13364.3,54.4,13.2,True,1000.17,196,619.7
16,1,1,22,1000,2,21,18900,1182,True,True,11805.2,48.1,13364.3,54.4,13.2,True,1000.08,196,619.7
32,1,1,22,500,2,21,9450,296,True,True,21051.6,85.7,23787.2,96.8,13.0,True,1000.34,196,1239.5
32,1,1,22,1000,2,21,18900,591,True,True,21051.6,85.7,23787.2,96.8,13.0,True,1000.17,196,1239.5
4,1,2,22,500,2,19,8550,2138,True,True,4870.4,19.8,5529.3,22.5,13.5,True,1000.05,196,154.9
4,1,2,22,1000,2,19,17100,4275,True,True,4870.4,19.8,5529.3,22.5,13.5,True,1000.02,196,154.9
8,1,2,22,500,2,19,8550,1069,True,True,7182.0,29.2,8135.0,33.1,13.3,True,1000.09,196,309.9
8,1,2,22,1000,2,19,17100,2138,True,True,7182.0,29.2,8135.0,33.1,13.3,True,1000.05,196,309.9
16,1,2,22,500,2,19,8550,535,True,True,11805.2,48.1,13346.4,54.3,13.1,True,1000.19,196,619.7
16,1,2,22,1000,2,19,17100,1069,True,True,11805.2,48.1,13346.4,54.3,13.1,True,1000.09,196,619.7
32,1,2,22,500,2,19,8550,268,True,True,21051.6,85.7,23769.3,96.8,12.9,True,1000.37,196,1239.5
32,1,2,22,1000,2,19,17100,535,True,True,21051.6,85.7,23769.3,96.8,12.9,True,1000.19,196,1239.5
4,1,3,22,500,2,17,7650,1913,True,True,4870.4,19.8,5524.4,22.5,13.4,True,1000.05,196,154.9
4,1,3,22,1000,2,17,15300,3825,True,True,4870.4,19.8,5524.4,22.5,13.4,True,1000.03,196,154.9
8,1,3,22,500,2,17,7650,957,True,True,7182.0,29.2,8130.1,33.1,13.2,True,1000.1,196,309.9
8,1,3,22,1000,2,17,15300,1913,True,True,7182.0,29.2,8130.1,33.1,13.2,True,1000.05,196,309.9
16,1,3,22,500,2,17,7650,479,True,True,11805.2,48.1,13341.5,54.3,13.0,True,1000.21,196,619.7
16,1,3,22,1000,2,17,15300,957,True,True,11805.2,48.1,13341.5,54.3,13.0,True,1000.1,196,619.7
32,1,3,22,500,2,17,7650,240,True,True,21051.6,85.7,23764.4,96.7,12.9,True,1000.42,196,1239.5
32,1,3,22,1000,2,17,15300,479,True,True,21051.6,85.7,23764.4,96.7,12.9,True,1000.21,196,1239.5
4,1,4,22,500,2,15,6750,1688,True,True,4870.4,19.8,5521.1,22.5,13.4,True,1000.06,196,154.9
4,1,4,22,1000,2,15,13500,3375,True,True,4870.4,19.8,5521.1,22.5,13.4,True,1000.03,196,154.9
8,1,4,22,500,2,15,6750,844,True,True,7182.0,29.2,8126.9,33.1,13.2,True,1000.12,196,309.9
8,1,4,22,1000,2,15,13500,1688,True,True,7182.0,29.2,8126.9,33.1,13.2,True,1000.06,196,309.9
16,1,4,22,500,2,15,6750,422,True,True,11805.2,48.1,13338.3,54.3,13.0,True,1000.24,196,619.7
16,1,4,22,1000,2,15,13500,844,True,True,11805.2,48.1,13338.3,54.3,13.0,True,1000.12,196,619.7
32,1,4,22,500,2,15,6750,211,True,True,21051.6,85.7,23761.2,96.7,12.9,True,1000.47,196,1239.5
32,1,4,22,1000,2,15,13500,422,True,True,21051.6,85.7,23761.2,96.7,12.9,True,1000.24,196,1239.5
4,1,5,22,500,2,13,5850,1463,True,True,4870.4,19.8,5519.5,22.5,13.3,True,1000.07,196,154.9
4,1,5,22,1000,2,13,11700,2925,True,True,4870.4,19.8,5519.5,22.5,13.3,True,1000.03,196,154.9
8,1,5,22,500,2,13,5850,732,True,True,7182.0,29.2,8125.2,33.1,13.1,True,1000.14,196,309.9
8,1,5,22,1000,2,13,11700,1463,True,True,7182.0,29.2,8125.2,33.1,13.1,True,1000.07,196,309.9
16,1,5,22,500,2,13,5850,366,True,True,11805.2,48.1,13336.7,54.3,13.0,True,1000.27,196,619.7
16,1,5,22,1000,2,13,11700,732,True,True,11805.2,48.1,13336.7,54.3,13.0,True,1000.14,196,619.7
32,1,5,22,500,2,13,5850,183,True,True,21051.6,85.7,23759.5,96.7,12.9,True,1000.55,196,1239.5
32,1,5,22,1000,2,13,11700,366,True,True,21051.6,85.7,23759.5,96.7,12.9,True,1000.27,196,1239.5
4,2,1,22,500,2,20,9000,2250,True,True,6569.9,26.7,7532.0,30.7,14.6,True,2000.04,392,619.7
4,2,1,22,1000,2,20,18000,4500,True,True,6569.9,26.7,7532.0,30.7,14.6,True,2000.02,392,619.7
8,2,1,22,500,2,20,9000,1125,True,True,10581.1,43.1,12049.6,49.1,13.9,True,2000.09,392,1239.5
8,2,1,22,1000,2,20,18000,2250,True,True,10581.1,43.1,12049.6,49.1,13.9,True,2000.04,392,1239.5
16,2,1,22,500,2,20,9000,563,True,True,18603.4,75.7,21084.7,85.8,13.3,True,2000.18,392,2478.9
16,2,1,22,1000,2,20,18000,1125,True,True,18603.4,75.7,21084.7,85.8,13.3,True,2000.09,392,2478.9
32,2,1,22,500,2,20,9000,282,True,True,34648.0,141.1,39155.0,159.4,13.0,False,-1.0,392,4957.8
32,2,1,22,1000,2,20,18000,563,True,True,34648.0,141.1,39155.0,159.4,13.0,False,-1.0,392,4957.8
4,2,2,22,500,2,17,7650,1913,True,True,6569.9,26.7,7514.1,30.6,14.4,True,2000.05,392,619.7
4,2,2,22,1000,2,17,15300,3825,True,True,6569.9,26.7,7514.1,30.6,14.4,True,2000.03,392,619.7
8,2,2,22,500,2,17,7650,957,True,True,10581.1,43.1,12031.7,49.0,13.7,True,2000.1,392,1239.5
8,2,2,22,1000,2,17,15300,1913,True,True,10581.1,43.1,12031.7,49.0,13.7,True,2000.05,392,1239.5
16,2,2,22,500,2,17,7650,479,True,True,18603.4,75.7,21066.8,85.8,13.2,True,2000.21,392,2478.9
16,2,2,22,1000,2,17,15300,957,True,True,18603.4,75.7,21066.8,85.8,13.2,True,2000.1,392,2478.9
32,2,2,22,500,2,17,7650,240,True,True,34648.0,141.1,39137.1,159.3,13.0,False,-1.0,392,4957.8
32,2,2,22,1000,2,17,15300,479,True,True,34648.0,141.1,39137.1,159.3,13.0,False,-1.0,392,4957.8
4,2,3,22,500,2,14,6300,1575,True,True,6569.9,26.7,7509.2,30.6,14.3,True,2000.06,392,619.7
4,2,3,22,1000,2,14,12600,3150,True,True,6569.9,26.7,7509.2,30.6,14.3,True,2000.03,392,619.7
8,2,3,22,500,2,14,6300,788,True,True,10581.1,43.1,12026.8,49.0,13.7,True,2000.13,392,1239.5
8,2,3,22,1000,2,14,12600,1575,True,True,10581.1,43.1,12026.8,49.0,13.7,True,2000.06,392,1239.5
16,2,3,22,500,2,14,6300,394,True,True,18603.4,75.7,21062.0,85.7,13.2,True,2000.25,392,2478.9
16,2,3,22,1000,2,14,12600,788,True,True,18603.4,75.7,21062.0,85.7,13.2,True,2000.13,392,2478.9
32,2,3,22,500,2,14,6300,197,True,True,34648.0,141.1,39132.3,159.3,12.9,False,-1.0,392,4957.8
32,2,3,22,1000,2,14,12600,394,True,True,34648.0,141.1,39132.3,159.3,12.9,False,-1.0,392,4957.8
4,2,4,22,500,2,11,4950,1238,True,True,6569.9,26.7,7506.0,30.6,14.2,True,2000.08,392,619.7
4,2,4,22,1000,2,11,9900,2475,True,True,6569.9,26.7,7506.0,30.6,14.2,True,2000.04,392,619.7
8,2,4,22,500,2,11,4950,619,True,True,10581.1,43.1,12023.6,48.9,13.6,True,2000.16,392,1239.5
8,2,4,22,1000,2,11,9900,1238,True,True,10581.1,43.1,12023.6,48.9,13.6,True,2000.08,392,1239.5
16,2,4,22,500,2,11,4950,310,True,True,18603.4,75.7,21058.7,85.7,13.2,True,2000.32,392,2478.9
16,2,4,22,1000,2,11,9900,619,True,True,18603.4,75.7,21058.7,85.7,13.2,True,2000.16,392,2478.9
32,2,4,22,500,2,11,4950,155,True,True,34648.0,141.1,39129.0,159.3,12.9,False,-1.0,392,4957.8
32,2,4,22,1000,2,11,9900,310,True,True,34648.0,141.1,39129.0,159.3,12.9,False,-1.0,392,4957.8
4,2,5,22,500,2,8,3600,900,True,False,6569.9,26.7,7504.4,30.6,14.2,True,-1.0,392,619.7
4,2,5,22,1000,2,8,7200,1800,True,False,6569.9,26.7,7504.4,30.6,14.2,True,-1.0,392,619.7
8,2,5,22,500,2,8,3600,450,True,False,10581.1,43.1,12021.9,48.9,13.6,True,-1.0,392,1239.5
8,2,5,22,1000,2,8,7200,900,True,False,10581.1,43.1,12021.9,48.9,13.6,True,-1.0,392,1239.5
16,2,5,22,500,2,8,3600,225,True,False,18603.4,75.7,21057.1,85.7,13.2,True,-1.0,392,2478.9
16,2,5,22,1000,2,8,7200,450,True,False,18603.4,75.7,21057.1,85.7,13.2,True,-1.0,392,2478.9
32,2,5,22,500,2,8,3600,113,True,False,34648.0,141.1,39127.4,159.3,12.9,False,-1.0,392,4957.8
32,2,5,22,1000,2,8,7200,225,True,False,34648.0,141.1,39127.4,159.3,12.9,False,-1.0,392,4957.8
4,3,1,22,500,2,19,8550,2138,True,True,8579.3,34.9,9895.4,40.3,15.3,True,3000.05,588,1394.4
4,3,1,22,1000,2,19,17100,4275,True,True,8579.3,34.9,9895.4,40.3,15.3,True,3000.02,588,1394.4
8,3,1,22,500,2,19,8550,1069,True,True,14599.9,59.4,16671.9,67.9,14.2,True,3000.09,588,2788.8
8,3,1,22,1000,2,19,17100,2138,True,True,14599.9,59.4,16671.9,67.9,14.2,True,3000.05,588,2788.8
16,3,1,22,500,2,19,8550,535,True,True,26641.0,108.5,30224.8,123.0,13.5,False,-1.0,588,5577.6
16,3,1,22,1000,2,19,17100,1069,True,True,26641.0,108.5,30224.8,123.0,13.5,False,-1.0,588,5577.6
32,3,1,22,500,2,19,8550,268,True,True,50723.3,206.5,57330.7,233.4,13.0,False,-1.0,588,11155.1
32,3,1,22,1000,2,19,17100,535,True,True,50723.3,206.5,57330.7,233.4,13.0,False,-1.0,588,11155.1
4,3,2,22,500,2,15,6750,1688,True,True,8579.3,34.9,9877.5,40.2,15.1,True,3000.06,588,1394.4
4,3,2,22,1000,2,15,13500,3375,True,True,8579.3,34.9,9877.5,40.2,15.1,True,3000.03,588,1394.4
8,3,2,22,500,2,15,6750,844,True,True,14599.9,59.4,16654.0,67.8,14.1,True,3000.12,588,2788.8
8,3,2,22,1000,2,15,13500,1688,True,True,14599.9,59.4,16654.0,67.8,14.1,True,3000.06,588,2788.8
16,3,2,22,500,2,15,6750,422,True,True,26641.0,108.5,30207.0,123.0,13.4,False,-1.0,588,5577.6
16,3,2,22,1000,2,15,13500,844,True,True,26641.0,108.5,30207.0,123.0,13.4,False,-1.0,588,5577.6
32,3,2,22,500,2,15,6750,211,True,True,50723.3,206.5,57312.9,233.3,13.0,False,-1.0,588,11155.1
32,3,2,22,1000,2,15,13500,422,True,True,50723.3,206.5,57312.9,233.3,13.0,False,-1.0,588,11155.1
4,3,3,22,500,2,11,4950,1238,True,True,8579.3,34.9,9872.7,40.2,15.1,True,3000.08,588,1394.4
4,3,3,22,1000,2,11,9900,2475,True,True,8579.3,34.9,9872.7,40.2,15.1,True,3000.04,588,1394.4
8,3,3,22,500,2,11,4950,619,True,True,14599.9,59.4,16649.1,67.8,14.0,True,3000.16,588,2788.8
8,3,3,22,1000,2,11,9900,1238,True,True,14599.9,59.4,16649.1,67.8,14.0,True,3000.08,588,2788.8
16,3,3,22,500,2,11,4950,310,True,True,26641.0,108.5,30202.1,123.0,13.4,False,-1.0,588,5577.6
16,3,3,22,1000,2,11,9900,619,True,True,26641.0,108.5,30202.1,123.0,13.4,False,-1.0,588,5577.6
32,3,3,22,500,2,11,4950,155,True,True,50723.3,206.5,57308.0,233.3,13.0,False,-1.0,588,11155.1
32,3,3,22,1000,2,11,9900,310,True,True,50723.3,206.5,57308.0,233.3,13.0,False,-1.0,588,11155.1
4,3,4,22,500,2,7,3150,788,True,False,8579.3,34.9,9869.4,40.2,15.0,True,-1.0,588,1394.4
4,3,4,22,1000,2,7,6300,1575,True,False,8579.3,34.9,9869.4,40.2,15.0,True,-1.0,588,1394.4
8,3,4,22,500,2,7,3150,394,True,False,14599.9,59.4,16645.9,67.8,14.0,True,-1.0,588,2788.8
8,3,4,22,1000,2,7,6300,788,True,False,14599.9,59.4,16645.9,67.8,14.0,True,-1.0,588,2788.8
16,3,4,22,500,2,7,3150,197,True,False,26641.0,108.5,30198.8,122.9,13.4,False,-1.0,588,5577.6
16,3,4,22,1000,2,7,6300,394,True,False,26641.0,108.5,30198.8,122.9,13.4,False,-1.0,588,5577.6
32,3,4,22,500,2,7,3150,99,True,False,50723.3,206.5,57304.7,233.3,13.0,False,-1.0,588,11155.1
32,3,4,22,1000,2,7,6300,197,True,False,50723.3,206.5,57304.7,233.3,13.0,False,-1.0,588,11155.1
4,3,5,22,500,2,3,1350,338,True,False,8579.3,34.9,9867.8,40.2,15.0,True,-1.0,588,1394.4
4,3,5,22,1000,2,3,2700,675,True,False,8579.3,34.9,9867.8,40.2,15.0,True,-1.0,588,1394.4
8,3,5,22,500,2,3,1350,169,True,False,14599.9,59.4,16644.3,67.8,14.0,True,-1.0,588,2788.8
8,3,5,22,1000,2,3,2700,338,True,False,14599.9,59.4,16644.3,67.8,14.0,True,-1.0,588,2788.8
16,3,5,22,500,2,3,1350,85,True,False,26641.0,108.5,30197.2,122.9,13.3,False,-1.0,588,5577.6
16,3,5,22,1000,2,3,2700,169,True,False,26641.0,108.5,30197.2,122.9,13.3,False,-1.0,588,5577.6
32,3,5,22,500,2,3,1350,43,True,False,50723.3,206.5,57303.1,233.3,13.0,False,-1.0,588,11155.1
32,3,5,22,1000,2,3,2700,85,True,False,50723.3,206.5,57303.1,233.3,13.0,False,-1.0,588,11155.1
4,4,1,22,500,2,18,8100,2025,True,True,10898.6,44.4,12637.4,51.4,16.0,True,4000.05,784,2478.9
4,4,1,22,1000,2,18,16200,4050,True,True,10898.6,44.4,12637.4,51.4,16.0,True,4000.02,784,2478.9
8,4,1,22,500,2,18,8100,1013,True,True,19238.5,78.3,22019.8,89.6,14.5,True,4000.1,784,4957.8
8,4,1,22,1000,2,18,16200,2025,True,True,19238.5,78.3,22019.8,89.6,14.5,True,4000.05,784,4957.8
16,4,1,22,500,2,18,8100,507,True,True,35918.1,146.2,40784.7,166.0,13.5,False,-1.0,784,9915.7
16,4,1,22,1000,2,18,16200,1013,True,True,35918.1,146.2,40784.7,166.0,13.5,False,-1.0,784,9915.7
32,4,1,22,500,2,18,8100,254,True,True,69277.5,282.0,78314.4,318.8,13.0,False,-1.0,784,19831.4
32,4,1,22,1000,2,18,16200,507,True,True,69277.5,282.0,78314.4,318.8,13.0,False,-1.0,784,19831.4
4,4,2,22,500,2,13,5850,1463,True,True,10898.6,44.4,12619.5,51.4,15.8,True,4000.07,784,2478.9
4,4,2,22,1000,2,13,11700,2925,True,True,10898.6,44.4,12619.5,51.4,15.8,True,4000.03,784,2478.9
8,4,2,22,500,2,13,5850,732,True,True,19238.5,78.3,22001.9,89.6,14.4,True,4000.14,784,4957.8
8,4,2,22,1000,2,13,11700,1463,True,True,19238.5,78.3,22001.9,89.6,14.4,True,4000.07,784,4957.8
16,4,2,22,500,2,13,5850,366,True,True,35918.1,146.2,40766.8,166.0,13.5,False,-1.0,784,9915.7
16,4,2,22,1000,2,13,11700,732,True,True,35918.1,146.2,40766.8,166.0,13.5,False,-1.0,784,9915.7
32,4,2,22,500,2,13,5850,183,True,True,69277.5,282.0,78296.5,318.7,13.0,False,-1.0,784,19831.4
32,4,2,22,1000,2,13,11700,366,True,True,69277.5,282.0,78296.5,318.7,13.0,False,-1.0,784,19831.4
4,4,3,22,500,2,8,3600,900,True,True,10898.6,44.4,12614.6,51.4,15.7,True,4000.11,784,2478.9
4,4,3,22,1000,2,8,7200,1800,True,True,10898.6,44.4,12614.6,51.4,15.7,True,4000.06,784,2478.9
8,4,3,22,500,2,8,3600,450,True,True,19238.5,78.3,21997.1,89.5,14.3,True,4000.22,784,4957.8
8,4,3,22,1000,2,8,7200,900,True,True,19238.5,78.3,21997.1,89.5,14.3,True,4000.11,784,4957.8
16,4,3,22,500,2,8,3600,225,True,True,35918.1,146.2,40761.9,165.9,13.5,False,-1.0,784,9915.7
16,4,3,22,1000,2,8,7200,450,True,True,35918.1,146.2,40761.9,165.9,13.5,False,-1.0,784,9915.7
32,4,3,22,500,2,8,3600,113,True,True,69277.5,282.0,78291.6,318.7,13.0,False,-1.0,784,19831.4
32,4,3,22,1000,2,8,7200,225,True,True,69277.5,282.0,78291.6,318.7,13.0,False,-1.0,784,19831.4
4,4,4,22,500,2,3,1350,338,True,False,10898.6,44.4,12611.4,51.3,15.7,True,-1.0,784,2478.9
4,4,4,22,1000,2,3,2700,675,True,False,10898.6,44.4,12611.4,51.3,15.7,True,-1.0,784,2478.9
8,4,4,22,500,2,3,1350,169,True,False,19238.5,78.3,21993.8,89.5,14.3,True,-1.0,784,4957.8
8,4,4,22,1000,2,3,2700,338,True,False,19238.5,78.3,21993.8,89.5,14.3,True,-1.0,784,4957.8
16,4,4,22,500,2,3,1350,85,True,False,35918.1,146.2,40758.7,165.9,13.5,False,-1.0,784,9915.7
16,4,4,22,1000,2,3,2700,169,True,False,35918.1,146.2,40758.7,165.9,13.5,False,-1.0,784,9915.7
32,4,4,22,500,2,3,1350,43,True,False,69277.5,282.0,78288.4,318.7,13.0,False,-1.0,784,19831.4
32,4,4,22,1000,2,3,2700,85,True,False,69277.5,282.0,78288.4,318.7,13.0,False,-1.0,784,19831.4
4,4,5,22,500,2,0,0,0,False,False,10898.6,44.4,12609.8,51.3,15.7,True,-1.0,784,2478.9
4,4,5,22,1000,2,0,0,0,False,False,10898.6,44.4,12609.8,51.3,15.7,True,-1.0,784,2478.9
8,4,5,22,500,2,0,0,0,False,False,19238.5,78.3,21992.2,89.5,14.3,True,-1.0,784,4957.8
8,4,5,22,1000,2,0,0,0,False,False,19238.5,78.3,21992.2,89.5,14.3,True,-1.0,784,4957.8
16,4,5,22,500,2,0,0,0,False,False,35918.1,146.2,40757.0,165.9,13.5,False,-1.0,784,9915.7
16,4,5,22,1000,2,0,0,0,False,False,35918.1,146.2,40757.0,165.9,13.5,False,-1.0,784,9915.7
32,4,5,22,500,2,0,0,0,False,False,69277.5,282.0,78286.8,318.7,13.0,False,-1.0,784,19831.4
32,4,5,22,1000,2,0,0,0,False,False,69277.5,282.0,78286.8,318.7,13.0,False,-1.0,784,19831.4
4,5,1,22,500,2,17,7650,1913,True,True,13527.8,55.1,15757.9,64.2,16.5,True,5000.05,980,3873.3
4,5,1,22,1000,2,17,15300,3825,True,True,13527.8,55.1,15757.9,64.2,16.5,True,5000.03,980,3873.3
8,5,1,22,500,2,17,7650,957,True,True,24496.7,99.7,28093.3,114.4,14.7,False,-1.0,980,7746.6
8,5,1,22,1000,2,17,15300,1913,True,True,24496.7,99.7,28093.3,114.4,14.7,False,-1.0,980,7746.6
16,5,1,22,500,2,17,7650,479,True,True,46434.7,189.0,52764.2,214.8,13.6,False,-1.0,980,15493.3
16,5,1,22,1000,2,17,15300,957,True,True,46434.7,189.0,52764.2,214.8,13.6,False,-1.0,980,15493.3
32,5,1,22,500,2,17,7650,240,True,True,90310.7,367.7,102105.9,415.7,13.1,False,-1.0,980,30986.5
32,5,1,22,1000,2,17,15300,479,True,True,90310.7,367.7,102105.9,415.7,13.1,False,-1.0,980,30986.5
4,5,2,22,500,2,11,4950,1238,True,True,13527.8,55.1,15740.0,64.1,16.4,True,5000.08,980,3873.3
4,5,2,22,1000,2,11,9900,2475,True,True,13527.8,55.1,15740.0,64.1,16.4,True,5000.04,980,3873.3
8,5,2,22,500,2,11,4950,619,True,True,24496.7,99.7,28075.5,114.3,14.6,False,-1.0,980,7746.6
8,5,2,22,1000,2,11,9900,1238,True,True,24496.7,99.7,28075.5,114.3,14.6,False,-1.0,980,7746.6
16,5,2,22,500,2,11,4950,310,True,True,46434.7,189.0,52746.3,214.7,13.6,False,-1.0,980,15493.3
16,5,2,22,1000,2,11,9900,619,True,True,46434.7,189.0,52746.3,214.7,13.6,False,-1.0,980,15493.3
32,5,2,22,500,2,11,4950,155,True,True,90310.7,367.7,102088.1,415.6,13.0,False,-1.0,980,30986.5
32,5,2,22,1000,2,11,9900,310,True,True,90310.7,367.7,102088.1,415.6,13.0,False,-1.0,980,30986.5
4,5,3,22,500,2,5,2250,563,True,False,13527.8,55.1,15735.2,64.1,16.3,True,-1.0,980,3873.3
4,5,3,22,1000,2,5,4500,1125,True,False,13527.8,55.1,15735.2,64.1,16.3,True,-1.0,980,3873.3
8,5,3,22,500,2,5,2250,282,True,False,24496.7,99.7,28070.6,114.3,14.6,False,-1.0,980,7746.6
8,5,3,22,1000,2,5,4500,563,True,False,24496.7,99.7,28070.6,114.3,14.6,False,-1.0,980,7746.6
16,5,3,22,500,2,5,2250,141,True,False,46434.7,189.0,52741.5,214.7,13.6,False,-1.0,980,15493.3
16,5,3,22,1000,2,5,4500,282,True,False,46434.7,189.0,52741.5,214.7,13.6,False,-1.0,980,15493.3
32,5,3,22,500,2,5,2250,71,True,False,90310.7,367.7,102083.2,415.6,13.0,False,-1.0,980,30986.5
32,5,3,22,1000,2,5,4500,141,True,False,90310.7,367.7,102083.2,415.6,13.0,False,-1.0,980,30986.5
4,5,4,22,500,2,0,0,0,False,False,13527.8,55.1,15731.9,64.0,16.3,True,-1.0,980,3873.3
4,5,4,22,1000,2,0,0,0,False,False,13527.8,55.1,15731.9,64.0,16.3,True,-1.0,980,3873.3
8,5,4,22,500,2,0,0,0,False,False,24496.7,99.7,28067.3,114.3,14.6,False,-1.0,980,7746.6
8,5,4,22,1000,2,0,0,0,False,False,24496.7,99.7,28067.3,114.3,14.6,False,-1.0,980,7746.6
16,5,4,22,500,2,0,0,0,False,False,46434.7,189.0,52738.2,214.7,13.6,False,-1.0,980,15493.3
16,5,4,22,1000,2,0,0,0,False,False,46434.7,189.0,52738.2,214.7,13.6,False,-1.0,980,15493.3
32,5,4,22,500,2,0,0,0,False,False,90310.7,367.7,102079.9,415.6,13.0,False,-1.0,980,30986.5
32,5,4,22,1000,2,0,0,0,False,False,90310.7,367.7,102079.9,415.6,13.0,False,-1.0,980,30986.5
4,5,5,22,500,2,0,0,0,False,False,13527.8,55.1,15730.3,64.0,16.3,True,-1.0,980,3873.3
4,5,5,22,1000,2,0,0,0,False,False,13527.8,55.1,15730.3,64.0,16.3,True,-1.0,980,3873.3
8,5,5,22,500,2,0,0,0,False,False,24496.7,99.7,28065.7,114.3,14.6,False,-1.0,980,7746.6
8,5,5,22,1000,2,0,0,0,False,False,24496.7,99.7,28065.7,114.3,14.6,False,-1.0,980,7746.6
16,5,5,22,500,2,0,0,0,False,False,46434.7,189.0,52736.6,214.7,13.6,False,-1.0,980,15493.3
16,5,5,22,1000,2,0,0,0,False,False,46434.7,189.0,52736.6,214.7,13.6,False,-1.0,980,15493.3
32,5,5,22,500,2,0,0,0,False,False,90310.7,367.7,102078.3,415.6,13.0,False,-1.0,980,30986.5
32,5,5,22,1000,2,0,0,0,False,False,90310.7,367.7,102078.3,415.6,13.0,False,-1.0,980,30986.5
4,6,1,22,500,2,16,7200,1800,True,True,16466.8,67.0,19257.0,78.4,16.9,True,6000.06,1176,5577.6
4,6,1,22,1000,2,16,14400,3600,True,True,16466.8,67.0,19257.0,78.4,16.9,True,6000.03,1176,5577.6
8,6,1,22,500,2,16,7200,900,True,True,30374.8,123.7,34892.5,142.0,14.9,False,-1.0,1176,11155.1
8,6,1,22,1000,2,16,14400,1800,True,True,30374.8,123.7,34892.5,142.0,14.9,False,-1.0,1176,11155.1
16,6,1,22,500,2,16,7200,450,True,True,58190.8,236.9,66163.5,269.4,13.7,False,-1.0,1176,22310.3
16,6,1,22,1000,2,16,14400,900,True,True,58190.8,236.9,66163.5,269.4,13.7,False,-1.0,1176,22310.3
32,6,1,22,500,2,16,7200,225,True,True,113822.8,463.4,128705.4,524.0,13.1,False,-1.0,1176,44620.6
32,6,1,22,1000,2,16,14400,450,True,True,113822.8,463.4,128705.4,524.0,13.1,False,-1.0,1176,44620.6
4,6,2,22,500,2,9,4050,1013,True,True,16466.8,67.0,19239.1,78.3,16.8,True,6000.1,1176,5577.6
4,6,2,22,1000,2,9,8100,2025,True,True,16466.8,67.0,19239.1,78.3,16.8,True,6000.05,1176,5577.6
8,6,2,22,500,2,9,4050,507,True,True,30374.8,123.7,34874.6,142.0,14.8,False,-1.0,1176,11155.1
8,6,2,22,1000,2,9,8100,1013,True,True,30374.8,123.7,34874.6,142.0,14.8,False,-1.0,1176,11155.1
16,6,2,22,500,2,9,4050,254,True,True,58190.8,236.9,66145.6,269.3,13.7,False,-1.0,1176,22310.3
16,6,2,22,1000,2,9,8100,507,True,True,58190.8,236.9,66145.6,269.3,13.7,False,-1.0,1176,22310.3
32,6,2,22,500,2,9,4050,127,True,True,113822.8,463.4,128687.5,523.9,13.1,False,-1.0,1176,44620.6
32,6,2,22,1000,2,9,8100,254,True,True,113822.8,463.4,128687.5,523.9,13.1,False,-1.0,1176,44620.6
4,6,3,22,500,2,2,900,225,True,False,16466.8,67.0,19234.3,78.3,16.8,True,-1.0,1176,5577.6
4,6,3,22,1000,2,2,1800,450,True,False,16466.8,67.0,19234.3,78.3,16.8,True,-1.0,1176,5577.6
8,6,3,22,500,2,2,900,113,True,False,30374.8,123.7,34869.7,142.0,14.8,False,-1.0,1176,11155.1
8,6,3,22,1000,2,2,1800,225,True,False,30374.8,123.7,34869.7,142.0,14.8,False,-1.0,1176,11155.1
16,6,3,22,500,2,2,900,57,True,False,58190.8,236.9,66140.7,269.3,13.7,False,-1.0,1176,22310.3
16,6,3,22,1000,2,2,1800,113,True,False,58190.8,236.9,66140.7,269.3,13.7,False,-1.0,1176,22310.3
32,6,3,22,500,2,2,900,29,True,False,113822.8,463.4,128682.6,523.9,13.1,False,-1.0,1176,44620.6
32,6,3,22,1000,2,2,1800,57,True,False,113822.8,463.4,128682.6,523.9,13.1,False,-1.0,1176,44620.6
4,6,4,22,500,2,0,0,0,False,False,16466.8,67.0,19231.0,78.3,16.8,True,-1.0,1176,5577.6
4,6,4,22,1000,2,0,0,0,False,False,16466.8,67.0,19231.0,78.3,16.8,True,-1.0,1176,5577.6
8,6,4,22,500,2,0,0,0,False,False,30374.8,123.7,34866.5,141.9,14.8,False,-1.0,1176,11155.1
8,6,4,22,1000,2,0,0,0,False,False,30374.8,123.7,34866.5,141.9,14.8,False,-1.0,1176,11155.1
16,6,4,22,500,2,0,0,0,False,False,58190.8,236.9,66137.5,269.2,13.7,False,-1.0,1176,22310.3
16,6,4,22,1000,2,0,0,0,False,False,58190.8,236.9,66137.5,269.2,13.7,False,-1.0,1176,22310.3
32,6,4,22,500,2,0,0,0,False,False,113822.8,463.4,128679.4,523.9,13.1,False,-1.0,1176,44620.6
32,6,4,22,1000,2,0,0,0,False,False,113822.8,463.4,128679.4,523.9,13.1,False,-1.0,1176,44620.6
4,6,5,22,500,2,0,0,0,False,False,16466.8,67.0,19229.4,78.3,16.8,True,-1.0,1176,5577.6
4,6,5,22,1000,2,0,0,0,False,False,16466.8,67.0,19229.4,78.3,16.8,True,-1.0,1176,5577.6
8,6,5,22,500,2,0,0,0,False,False,30374.8,123.7,34864.9,141.9,14.8,False,-1.0,1176,11155.1
8,6,5,22,1000,2,0,0,0,False,False,30374.8,123.7,34864.9,141.9,14.8,False,-1.0,1176,11155.1
16,6,5,22,500,2,0,0,0,False,False,58190.8,236.9,66135.8,269.2,13.7,False,-1.0,1176,22310.3
16,6,5,22,1000,2,0,0,0,False,False,58190.8,236.9,66135.8,269.2,13.7,False,-1.0,1176,22310.3
32,6,5,22,500,2,0,0,0,False,False,113822.8,463.4,128677.8,523.8,13.1,False,-1.0,1176,44620.6
32,6,5,22,1000,2,0,0,0,False,False,113822.8,463.4,128677.8,523.8,13.1,False,-1.0,1176,44620.6
4,7,1,22,500,2,15,6750,1688,True,True,19715.6,80.3,23134.7,94.2,17.3,True,7000.06,1372,7591.7
4,7,1,22,1000,2,15,13500,3375,True,True,19715.6,80.3,23134.7,94.2,17.3,True,7000.03,1372,7591.7
8,7,1,22,500,2,15,6750,844,True,True,36872.5,150.1,42417.2,172.7,15.0,False,-1.0,1372,15183.4
8,7,1,22,1000,2,15,13500,1688,True,True,36872.5,150.1,42417.2,172.7,15.0,False,-1.0,1372,15183.4
16,7,1,22,500,2,15,6750,422,True,True,71186.3,289.8,80982.4,329.7,13.8,False,-1.0,1372,30366.8
16,7,1,22,1000,2,15,13500,844,True,True,71186.3,289.8,80982.4,329.7,13.8,False,-1.0,1372,30366.8
32,7,1,22,500,2,15,6750,211,True,True,139813.8,569.2,158112.8,643.7,13.1,False,-1.0,1372,60733.6
32,7,1,22,1000,2,15,13500,422,True,True,139813.8,569.2,158112.8,643.7,13.1,False,-1.0,1372,60733.6
4,7,2,22,500,2,7,3150,788,True,True,19715.6,80.3,23116.8,94.1,17.3,True,7000.13,1372,7591.7
4,7,2,22,1000,2,7,6300,1575,True,True,19715.6,80.3,23116.8,94.1,17.3,True,7000.06,1372,7591.7
8,7,2,22,500,2,7,3150,394,True,True,36872.5,150.1,42399.4,172.6,15.0,False,-1.0,1372,15183.4
8,7,2,22,1000,2,7,6300,788,True,True,36872.5,150.1,42399.4,172.6,15.0,False,-1.0,1372,15183.4
16,7,2,22,500,2,7,3150,197,True,True,71186.3,289.8,80964.5,329.6,13.7,False,-1.0,1372,30366.8
16,7,2,22,1000,2,7,6300,394,True,True,71186.3,289.8,80964.5,329.6,13.7,False,-1.0,1372,30366.8
32,7,2,22,500,2,7,3150,99,True,True,139813.8,569.2,158094.9,643.6,13.1,False,-1.0,1372,60733.6
32,7,2,22,1000,2,7,6300,197,True,True,139813.8,569.2,158094.9,643.6,13.1,False,-1.0,1372,60733.6
4,7,3,22,500,2,0,0,0,False,False,19715.6,80.3,23111.9,94.1,17.2,True,-1.0,1372,7591.7
4,7,3,22,1000,2,0,0,0,False,False,19715.6,80.3,23111.9,94.1,17.2,True,-1.0,1372,7591.7
8,7,3,22,500,2,0,0,0,False,False,36872.5,150.1,42394.5,172.6,15.0,False,-1.0,1372,15183.4
8,7,3,22,1000,2,0,0,0,False,False,36872.5,150.1,42394.5,172.6,15.0,False,-1.0,1372,15183.4
16,7,3,22,500,2,0,0,0,False,False,71186.3,289.8,80959.7,329.6,13.7,False,-1.0,1372,30366.8
16,7,3,22,1000,2,0,0,0,False,False,71186.3,289.8,80959.7,329.6,13.7,False,-1.0,1372,30366.8
32,7,3,22,500,2,0,0,0,False,False,139813.8,569.2,158090.0,643.6,13.1,False,-1.0,1372,60733.6
32,7,3,22,1000,2,0,0,0,False,False,139813.8,569.2,158090.0,643.6,13.1,False,-1.0,1372,60733.6
4,7,4,22,500,2,0,0,0,False,False,19715.6,80.3,23108.7,94.1,17.2,True,-1.0,1372,7591.7
4,7,4,22,1000,2,0,0,0,False,False,19715.6,80.3,23108.7,94.1,17.2,True,-1.0,1372,7591.7
8,7,4,22,500,2,0,0,0,False,False,36872.5,150.1,42391.3,172.6,15.0,False,-1.0,1372,15183.4
8,7,4,22,1000,2,0,0,0,False,False,36872.5,150.1,42391.3,172.6,15.0,False,-1.0,1372,15183.4
16,7,4,22,500,2,0,0,0,False,False,71186.3,289.8,80956.4,329.6,13.7,False,-1.0,1372,30366.8
16,7,4,22,1000,2,0,0,0,False,False,71186.3,289.8,80956.4,329.6,13.7,False,-1.0,1372,30366.8
32,7,4,22,500,2,0,0,0,False,False,139813.8,569.2,158086.8,643.6,13.1,False,-1.0,1372,60733.6
32,7,4,22,1000,2,0,0,0,False,False,139813.8,569.2,158086.8,643.6,13.1,False,-1.0,1372,60733.6
4,7,5,22,500,2,0,0,0,False,False,19715.6,80.3,23107.0,94.1,17.2,True,-1.0,1372,7591.7
4,7,5,22,1000,2,0,0,0,False,False,19715.6,80.3,23107.0,94.1,17.2,True,-1.0,1372,7591.7
8,7,5,22,500,2,0,0,0,False,False,36872.5,150.1,42389.6,172.6,15.0,False,-1.0,1372,15183.4
8,7,5,22,1000,2,0,0,0,False,False,36872.5,150.1,42389.6,172.6,15.0,False,-1.0,1372,15183.4
16,7,5,22,500,2,0,0,0,False,False,71186.3,289.8,80954.8,329.6,13.7,False,-1.0,1372,30366.8
16,7,5,22,1000,2,0,0,0,False,False,71186.3,289.8,80954.8,329.6,13.7,False,-1.0,1372,30366.8
32,7,5,22,500,2,0,0,0,False,False,139813.8,569.2,158085.1,643.6,13.1,False,-1.0,1372,60733.6
32,7,5,22,1000,2,0,0,0,False,False,139813.8,569.2,158085.1,643.6,13.1,False,-1.0,1372,60733.6
4,8,1,22,500,2,14,6300,1575,True,True,23274.4,94.7,27390.9,111.5,17.7,False,-1.0,1568,9915.7
4,8,1,22,1000,2,14,12600,3150,True,True,23274.4,94.7,27390.9,111.5,17.7,False,-1.0,1568,9915.7
8,8,1,22,500,2,14,6300,788,True,True,43990.0,179.1,50667.6,206.3,15.2,False,-1.0,1568,19831.4
8,8,1,22,1000,2,14,12600,1575,True,True,43990.0,179.1,50667.6,206.3,15.2,False,-1.0,1568,19831.4
16,8,1,22,500,2,14,6300,394,True,True,85421.2,347.7,97221.1,395.8,13.8,False,-1.0,1568,39662.7
16,8,1,22,1000,2,14,12600,788,True,True,85421.2,347.7,97221.1,395.8,13.8,False,-1.0,1568,39662.7
32,8,1,22,500,2,14,6300,197,True,True,168283.7,685.1,190328.0,774.8,13.1,False,-1.0,1568,79325.5
32,8,1,22,1000,2,14,12600,394,True,True,168283.7,685.1,190328.0,774.8,13.1,False,-1.0,1568,79325.5
4,8,2,22,500,2,5,2250,563,True,False,23274.4,94.7,27373.0,111.4,17.6,False,-1.0,1568,9915.7
4,8,2,22,1000,2,5,4500,1125,True,False,23274.4,94.7,27373.0,111.4,17.6,False,-1.0,1568,9915.7
8,8,2,22,500,2,5,2250,282,True,False,43990.0,179.1,50649.7,206.2,15.1,False,-1.0,1568,19831.4
8,8,2,22,1000,2,5,4500,563,True,False,43990.0,179.1,50649.7,206.2,15.1,False,-1.0,1568,19831.4
16,8,2,22,500,2,5,2250,141,True,False,85421.2,347.7,97203.2,395.7,13.8,False,-1.0,1568,39662.7
16,8,2,22,1000,2,5,4500,282,True,False,85421.2,347.7,97203.2,395.7,13.8,False,-1.0,1568,39662.7
32,8,2,22,500,2,5,2250,71,True,False,168283.7,685.1,190310.2,774.8,13.1,False,-1.0,1568,79325.5
32,8,2,22,1000,2,5,4500,141,True,False,168283.7,685.1,190310.2,774.8,13.1,False,-1.0,1568,79325.5
4,8,3,22,500,2,0,0,0,False,False,23274.4,94.7,27368.1,111.4,17.6,False,-1.0,1568,9915.7
4,8,3,22,1000,2,0,0,0,False,False,23274.4,94.7,27368.1,111.4,17.6,False,-1.0,1568,9915.7
8,8,3,22,500,2,0,0,0,False,False,43990.0,179.1,50644.9,206.2,15.1,False,-1.0,1568,19831.4
8,8,3,22,1000,2,0,0,0,False,False,43990.0,179.1,50644.9,206.2,15.1,False,-1.0,1568,19831.4
16,8,3,22,500,2,0,0,0,False,False,85421.2,347.7,97198.3,395.7,13.8,False,-1.0,1568,39662.7
16,8,3,22,1000,2,0,0,0,False,False,85421.2,347.7,97198.3,395.7,13.8,False,-1.0,1568,39662.7
32,8,3,22,500,2,0,0,0,False,False,168283.7,685.1,190305.3,774.7,13.1,False,-1.0,1568,79325.5
32,8,3,22,1000,2,0,0,0,False,False,168283.7,685.1,190305.3,774.7,13.1,False,-1.0,1568,79325.5
4,8,4,22,500,2,0,0,0,False,False,23274.4,94.7,27364.9,111.4,17.6,False,-1.0,1568,9915.7
4,8,4,22,1000,2,0,0,0,False,False,23274.4,94.7,27364.9,111.4,17.6,False,-1.0,1568,9915.7
8,8,4,22,500,2,0,0,0,False,False,43990.0,179.1,50641.6,206.2,15.1,False,-1.0,1568,19831.4
8,8,4,22,1000,2,0,0,0,False,False,43990.0,179.1,50641.6,206.2,15.1,False,-1.0,1568,19831.4
16,8,4,22,500,2,0,0,0,False,False,85421.2,347.7,97195.1,395.7,13.8,False,-1.0,1568,39662.7
16,8,4,22,1000,2,0,0,0,False,False,85421.2,347.7,97195.1,395.7,13.8,False,-1.0,1568,39662.7
32,8,4,22,500,2,0,0,0,False,False,168283.7,685.1,190302.0,774.7,13.1,False,-1.0,1568,79325.5
32,8,4,22,1000,2,0,0,0,False,False,168283.7,685.1,190302.0,774.7,13.1,False,-1.0,1568,79325.5
4,8,5,22,500,2,0,0,0,False,False,23274.4,94.7,27363.3,111.4,17.6,False,-1.0,1568,9915.7
4,8,5,22,1000,2,0,0,0,False,False,23274.4,94.7,27363.3,111.4,17.6,False,-1.0,1568,9915.7
8,8,5,22,500,2,0,0,0,False,False,43990.0,179.1,50640.0,206.2,15.1,False,-1.0,1568,19831.4
8,8,5,22,1000,2,0,0,0,False,False,43990.0,179.1,50640.0,206.2,15.1,False,-1.0,1568,19831.4
16,8,5,22,500,2,0,0,0,False,False,85421.2,347.7,97193.5,395.7,13.8,False,-1.0,1568,39662.7
16,8,5,22,1000,2,0,0,0,False,False,85421.2,347.7,97193.5,395.7,13.8,False,-1.0,1568,39662.7
32,8,5,22,500,2,0,0,0,False,False,168283.7,685.1,190300.4,774.7,13.1,False,-1.0,1568,79325.5
32,8,5,22,1000,2,0,0,0,False,False,168283.7,685.1,190300.4,774.7,13.1,False,-1.0,1568,79325.5
4,9,1,22,500,2,13,5850,1463,True,True,27143.0,110.5,32025.7,130.4,18.0,False,-1.0,1764,12549.5
4,9,1,22,1000,2,13,11700,2925,True,True,27143.0,110.5,32025.7,130.4,18.0,False,-1.0,1764,12549.5
8,9,1,22,500,2,13,5850,732,True,True,51727.2,210.6,59643.6,242.8,15.3,False,-1.0,1764,25099.1
8,9,1,22,1000,2,13,11700,1463,True,True,51727.2,210.6,59643.6,242.8,15.3,False,-1.0,1764,25099.1
16,9,1,22,500,2,13,5850,366,True,True,100895.6,410.7,114879.5,467.7,13.9,False,-1.0,1764,50198.2
16,9,1,22,1000,2,13,11700,732,True,True,100895.6,410.7,114879.5,467.7,13.9,False,-1.0,1764,50198.2
32,9,1,22,500,2,13,5850,183,True,True,199232.5,811.1,225351.2,917.4,13.1,False,-1.0,1764,100396.3
32,9,1,22,1000,2,13,11700,366,True,True,199232.5,811.1,225351.2,917.4,13.1,False,-1.0,1764,100396.3
4,9,2,22,500,2,3,1350,338,True,False,27143.0,110.5,32007.8,130.3,17.9,False,-1.0,1764,12549.5
4,9,2,22,1000,2,3,2700,675,True,False,27143.0,110.5,32007.8,130.3,17.9,False,-1.0,1764,12549.5
8,9,2,22,500,2,3,1350,169,True,False,51727.2,210.6,59625.7,242.7,15.3,False,-1.0,1764,25099.1
8,9,2,22,1000,2,3,2700,338,True,False,51727.2,210.6,59625.7,242.7,15.3,False,-1.0,1764,25099.1
16,9,2,22,500,2,3,1350,85,True,False,100895.6,410.7,114861.6,467.6,13.8,False,-1.0,1764,50198.2
16,9,2,22,1000,2,3,2700,169,True,False,100895.6,410.7,114861.6,467.6,13.8,False,-1.0,1764,50198.2
32,9,2,22,500,2,3,1350,43,True,False,199232.5,811.1,225333.3,917.3,13.1,False,-1.0,1764,100396.3
32,9,2,22,1000,2,3,2700,85,True,False,199232.5,811.1,225333.3,917.3,13.1,False,-1.0,1764,100396.3
4,9,3,22,500,2,0,0,0,False,False,27143.0,110.5,32002.9,130.3,17.9,False,-1.0,1764,12549.5
4,9,3,22,1000,2,0,0,0,False,False,27143.0,110.5,32002.9,130.3,17.9,False,-1.0,1764,12549.5
8,9,3,22,500,2,0,0,0,False,False,51727.2,210.6,59620.9,242.7,15.3,False,-1.0,1764,25099.1
8,9,3,22,1000,2,0,0,0,False,False,51727.2,210.6,59620.9,242.7,15.3,False,-1.0,1764,25099.1
16,9,3,22,500,2,0,0,0,False,False,100895.6,410.7,114856.7,467.6,13.8,False,-1.0,1764,50198.2
16,9,3,22,1000,2,0,0,0,False,False,100895.6,410.7,114856.7,467.6,13.8,False,-1.0,1764,50198.2
32,9,3,22,500,2,0,0,0,False,False,199232.5,811.1,225328.5,917.3,13.1,False,-1.0,1764,100396.3
32,9,3,22,1000,2,0,0,0,False,False,199232.5,811.1,225328.5,917.3,13.1,False,-1.0,1764,100396.3
4,9,4,22,500,2,0,0,0,False,False,27143.0,110.5,31999.7,130.3,17.9,False,-1.0,1764,12549.5
4,9,4,22,1000,2,0,0,0,False,False,27143.0,110.5,31999.7,130.3,17.9,False,-1.0,1764,12549.5
8,9,4,22,500,2,0,0,0,False,False,51727.2,210.6,59617.6,242.7,15.3,False,-1.0,1764,25099.1
8,9,4,22,1000,2,0,0,0,False,False,51727.2,210.6,59617.6,242.7,15.3,False,-1.0,1764,25099.1
16,9,4,22,500,2,0,0,0,False,False,100895.6,410.7,114853.5,467.6,13.8,False,-1.0,1764,50198.2
16,9,4,22,1000,2,0,0,0,False,False,100895.6,410.7,114853.5,467.6,13.8,False,-1.0,1764,50198.2
32,9,4,22,500,2,0,0,0,False,False,199232.5,811.1,225325.2,917.3,13.1,False,-1.0,1764,100396.3
32,9,4,22,1000,2,0,0,0,False,False,199232.5,811.1,225325.2,917.3,13.1,False,-1.0,1764,100396.3
4,9,5,22,500,2,0,0,0,False,False,27143.0,110.5,31998.1,130.3,17.9,False,-1.0,1764,12549.5
4,9,5,22,1000,2,0,0,0,False,False,27143.0,110.5,31998.1,130.3,17.9,False,-1.0,1764,12549.5
8,9,5,22,500,2,0,0,0,False,False,51727.2,210.6,59616.0,242.7,15.3,False,-1.0,1764,25099.1
8,9,5,22,1000,2,0,0,0,False,False,51727.2,210.6,59616.0,242.7,15.3,False,-1.0,1764,25099.1
16,9,5,22,500,2,0,0,0,False,False,100895.6,410.7,114851.8,467.6,13.8,False,-1.0,1764,50198.2
16,9,5,22,1000,2,0,0,0,False,False,100895.6,410.7,114851.8,467.6,13.8,False,-1.0,1764,50198.2
32,9,5,22,500,2,0,0,0,False,False,199232.5,811.1,225323.6,917.3,13.1,False,-1.0,1764,100396.3
32,9,5,22,1000,2,0,0,0,False,False,199232.5,811.1,225323.6,917.3,13.1,False,-1.0,1764,100396.3
4,10,1,22,500,2,12,5400,1350,True,True,31321.5,127.5,37039.0,150.8,18.3,False,-1.0,1960,15493.3
4,10,1,22,1000,2,12,10800,2700,True,True,31321.5,127.5,37039.0,150.8,18.3,False,-1.0,1960,15493.3
8,10,1,22,500,2,12,5400,675,True,True,60084.1,244.6,69345.2,282.3,15.4,False,-1.0,1960,30986.5
8,10,1,22,1000,2,12,10800,1350,True,True,60084.1,244.6,69345.2,282.3,15.4,False,-1.0,1960,30986.5
16,10,1,22,500,2,12,5400,338,True,True,117609.5,478.8,133957.6,545.3,13.9,False,-1.0,1960,61973.0
16,10,1,22,1000,2,12,10800,675,True,True,117609.5,478.8,133957.6,545.3,13.9,False,-1.0,1960,61973.0
32,10,1,22,500,2,12,5400,169,True,True,232660.3,947.2,263182.3,1071.4,13.1,False,-1.0,1960,123946.1
32,10,1,22,1000,2,12,10800,338,True,True,232660.3,947.2,263182.3,1071.4,13.1,False,-1.0,1960,123946.1
4,10,2,22,500,2,1,450,113,True,False,31321.5,127.5,37021.1,150.7,18.2,False,-1.0,1960,15493.3
4,10,2,22,1000,2,1,900,225,True,False,31321.5,127.5,37021.1,150.7,18.2,False,-1.0,1960,15493.3
8,10,2,22,500,2,1,450,57,True,False,60084.1,244.6,69327.3,282.2,15.4,False,-1.0,1960,30986.5
8,10,2,22,1000,2,1,900,113,True,False,60084.1,244.6,69327.3,282.2,15.4,False,-1.0,1960,30986.5
16,10,2,22,500,2,1,450,29,True,False,117609.5,478.8,133939.7,545.3,13.9,False,-1.0,1960,61973.0
16,10,2,22,1000,2,1,900,57,True,False,117609.5,478.8,133939.7,545.3,13.9,False,-1.0,1960,61973.0
32,10,2,22,500,2,1,450,15,True,False,232660.3,947.2,263164.4,1071.3,13.1,False,-1.0,1960,123946.1
32,10,2,22,1000,2,1,900,29,True,False,232660.3,947.2,263164.4,1071.3,13.1,False,-1.0,1960,123946.1
4,10,3,22,500,2,0,0,0,False,False,31321.5,127.5,37016.3,150.7,18.2,False,-1.0,1960,15493.3
4,10,3,22,1000,2,0,0,0,False,False,31321.5,127.5,37016.3,150.7,18.2,False,-1.0,1960,15493.3
8,10,3,22,500,2,0,0,0,False,False,60084.1,244.6,69322.5,282.2,15.4,False,-1.0,1960,30986.5
8,10,3,22,1000,2,0,0,0,False,False,60084.1,244.6,69322.5,282.2,15.4,False,-1.0,1960,30986.5
16,10,3,22,500,2,0,0,0,False,False,117609.5,478.8,133934.8,545.2,13.9,False,-1.0,1960,61973.0
16,10,3,22,1000,2,0,0,0,False,False,117609.5,478.8,133934.8,545.2,13.9,False,-1.0,1960,61973.0
32,10,3,22,500,2,0,0,0,False,False,232660.3,947.2,263159.5,1071.3,13.1,False,-1.0,1960,123946.1
32,10,3,22,1000,2,0,0,0,False,False,232660.3,947.2,263159.5,1071.3,13.1,False,-1.0,1960,123946.1
4,10,4,22,500,2,0,0,0,False,False,31321.5,127.5,37013.0,150.7,18.2,False,-1.0,1960,15493.3
4,10,4,22,1000,2,0,0,0,False,False,31321.5,127.5,37013.0,150.7,18.2,False,-1.0,1960,15493.3
8,10,4,22,500,2,0,0,0,False,False,60084.1,244.6,69319.2,282.2,15.4,False,-1.0,1960,30986.5
8,10,4,22,1000,2,0,0,0,False,False,60084.1,244.6,69319.2,282.2,15.4,False,-1.0,1960,30986.5
16,10,4,22,500,2,0,0,0,False,False,117609.5,478.8,133931.6,545.2,13.9,False,-1.0,1960,61973.0
16,10,4,22,1000,2,0,0,0,False,False,117609.5,478.8,133931.6,545.2,13.9,False,-1.0,1960,61973.0
32,10,4,22,500,2,0,0,0,False,False,232660.3,947.2,263156.3,1071.3,13.1,False,-1.0,1960,123946.1
32,10,4,22,1000,2,0,0,0,False,False,232660.3,947.2,263156.3,1071.3,13.1,False,-1.0,1960,123946.1
4,10,5,22,500,2,0,0,0,False,False,31321.5,127.5,37011.4,150.7,18.2,False,-1.0,1960,15493.3
4,10,5,22,1000,2,0,0,0,False,False,31321.5,127.5,37011.4,150.7,18.2,False,-1.0,1960,15493.3
8,10,5,22,500,2,0,0,0,False,False,60084.1,244.6,69317.6,282.2,15.4,False,-1.0,1960,30986.5
8,10,5,22,1000,2,0,0,0,False,False,60084.1,244.6,69317.6,282.2,15.4,False,-1.0,1960,30986.5
16,10,5,22,500,2,0,0,0,False,False,117609.5,478.8,133929.9,545.2,13.9,False,-1.0,1960,61973.0
16,10,5,22,1000,2,0,0,0,False,False,117609.5,478.8,133929.9,545.2,13.9,False,-1.0,1960,61973.0
32,10,5,22,500,2,0,0,0,False,False,232660.3,947.2,263154.7,1071.3,13.1,False,-1.0,1960,123946.1
32,10,5,22,1000,2,0,0,0,False,False,232660.3,947.2,263154.7,1071.3,13.1,False,-1.0,1960,123946.1
4,11,1,22,500,2,11,4950,1238,True,True,35809.8,145.8,42430.9,172.7,18.5,False,-1.0,2156,18746.8
4,11,1,22,1000,2,11,9900,2475,True,True,35809.8,145.8,42430.9,172.7,18.5,False,-1.0,2156,18746.8
8,11,1,22,500,2,11,4950,619,True,True,69060.8,281.1,79772.4,324.8,15.5,False,-1.0,2156,37493.7
8,11,1,22,1000,2,11,9900,1238,True,True,69060.8,281.1,79772.4,324.8,15.5,False,-1.0,2156,37493.7
16,11,1,22,500,2,11,4950,310,True,True,135562.9,551.9,154455.4,628.8,13.9,False,-1.0,2156,74987.4
16,11,1,22,1000,2,11,9900,619,True,True,135562.9,551.9,154455.4,628.8,13.9,False,-1.0,2156,74987.4
32,11,1,22,500,2,11,4950,155,True,True,268567.0,1093.3,303821.3,1236.9,13.1,False,-1.0,2156,149974.8
32,11,1,22,1000,2,11,9900,310,True,True,268567.0,1093.3,303821.3,1236.9,13.1,False,-1.0,2156,149974.8
4,11,2,22,500,2,0,0,0,False,False,35809.8,145.8,42413.1,172.7,18.4,False,-1.0,2156,18746.8
4,11,2,22,1000,2,0,0,0,False,False,35809.8,145.8,42413.1,172.7,18.4,False,-1.0,2156,18746.8
8,11,2,22,500,2,0,0,0,False,False,69060.8,281.1,79754.5,324.7,15.5,False,-1.0,2156,37493.7
8,11,2,22,1000,2,0,0,0,False,False,69060.8,281.1,79754.5,324.7,15.5,False,-1.0,2156,37493.7
16,11,2,22,500,2,0,0,0,False,False,135562.9,551.9,154437.5,628.7,13.9,False,-1.0,2156,74987.4
16,11,2,22,1000,2,0,0,0,False,False,135562.9,551.9,154437.5,628.7,13.9,False,-1.0,2156,74987.4
32,11,2,22,500,2,0,0,0,False,False,268567.0,1093.3,303803.4,1236.8,13.1,False,-1.0,2156,149974.8
32,11,2,22,1000,2,0,0,0,False,False,268567.0,1093.3,303803.4,1236.8,13.1,False,-1.0,2156,149974.8
4,11,3,22,500,2,0,0,0,False,False,35809.8,145.8,42408.2,172.6,18.4,False,-1.0,2156,18746.8
4,11,3,22,1000,2,0,0,0,False,False,35809.8,145.8,42408.2,172.6,18.4,False,-1.0,2156,18746.8
8,11,3,22,500,2,0,0,0,False,False,69060.8,281.1,79749.7,324.7,15.5,False,-1.0,2156,37493.7
8,11,3,22,1000,2,0,0,0,False,False,69060.8,281.1,79749.7,324.7,15.5,False,-1.0,2156,37493.7
16,11,3,22,500,2,0,0,0,False,False,135562.9,551.9,154432.6,628.7,13.9,False,-1.0,2156,74987.4
16,11,3,22,1000,2,0,0,0,False,False,135562.9,551.9,154432.6,628.7,13.9,False,-1.0,2156,74987.4
32,11,3,22,500,2,0,0,0,False,False,268567.0,1093.3,303798.5,1236.8,13.1,False,-1.0,2156,149974.8
32,11,3,22,1000,2,0,0,0,False,False,268567.0,1093.3,303798.5,1236.8,13.1,False,-1.0,2156,149974.8
4,11,4,22,500,2,0,0,0,False,False,35809.8,145.8,42404.9,172.6,18.4,False,-1.0,2156,18746.8
4,11,4,22,1000,2,0,0,0,False,False,35809.8,145.8,42404.9,172.6,18.4,False,-1.0,2156,18746.8
8,11,4,22,500,2,0,0,0,False,False,69060.8,281.1,79746.4,324.6,15.5,False,-1.0,2156,37493.7
8,11,4,22,1000,2,0,0,0,False,False,69060.8,281.1,79746.4,324.6,15.5,False,-1.0,2156,37493.7
16,11,4,22,500,2,0,0,0,False,False,135562.9,551.9,154429.4,628.7,13.9,False,-1.0,2156,74987.4
16,11,4,22,1000,2,0,0,0,False,False,135562.9,551.9,154429.4,628.7,13.9,False,-1.0,2156,74987.4
32,11,4,22,500,2,0,0,0,False,False,268567.0,1093.3,303795.3,1236.7,13.1,False,-1.0,2156,149974.8
32,11,4,22,1000,2,0,0,0,False,False,268567.0,1093.3,303795.3,1236.7,13.1,False,-1.0,2156,149974.8
4,11,5,22,500,2,0,0,0,False,False,35809.8,145.8,42403.3,172.6,18.4,False,-1.0,2156,18746.8
4,11,5,22,1000,2,0,0,0,False,False,35809.8,145.8,42403.3,172.6,18.4,False,-1.0,2156,18746.8
8,11,5,22,500,2,0,0,0,False,False,69060.8,281.1,79744.8,324.6,15.5,False,-1.0,2156,37493.7
8,11,5,22,1000,2,0,0,0,False,False,69060.8,281.1,79744.8,324.6,15.5,False,-1.0,2156,37493.7
16,11,5,22,500,2,0,0,0,False,False,135562.9,551.9,154427.7,628.7,13.9,False,-1.0,2156,74987.4
16,11,5,22,1000,2,0,0,0,False,False,135562.9,551.9,154427.7,628.7,13.9,False,-1.0,2156,74987.4
32,11,5,22,500,2,0,0,0,False,False,268567.0,1093.3,303793.6,1236.7,13.1,False,-1.0,2156,149974.8
32,11,5,22,1000,2,0,0,0,False,False,268567.0,1093.3,303793.6,1236.7,13.1,False,-1.0,2156,149974.8
4,1,1,25,500,2,24,10800,2700,True,True,4870.4,19.8,5552.0,22.6,14.0,True,1000.04,196,154.9
4,1,1,25,1000,2,24,21600,5400,True,True,4870.4,19.8,5552.0,22.6,14.0,True,1000.02,196,154.9
8,1,1,25,500,2,24,10800,1350,True,True,7182.0,29.2,8157.7,33.2,13.6,True,1000.07,196,309.9
8,1,1,25,1000,2,24,21600,2700,True,True,7182.0,29.2,8157.7,33.2,13.6,True,1000.04,196,309.9
16,1,1,25,500,2,24,10800,675,True,True,11805.2,48.1,13369.2,54.4,13.2,True,1000.15,196,619.7
16,1,1,25,1000,2,24,21600,1350,True,True,11805.2,48.1,13369.2,54.4,13.2,True,1000.07,196,619.7
32,1,1,25,500,2,24,10800,338,True,True,21051.6,85.7,23792.0,96.9,13.0,True,1000.3,196,1239.5
32,1,1,25,1000,2,24,21600,675,True,True,21051.6,85.7,23792.0,96.9,13.0,True,1000.15,196,1239.5
4,1,2,25,500,2,22,9900,2475,True,True,4870.4,19.8,5532.5,22.5,13.6,True,1000.04,196,154.9
4,1,2,25,1000,2,22,19800,4950,True,True,4870.4,19.8,5532.5,22.5,13.6,True,1000.02,196,154.9
8,1,2,25,500,2,22,9900,1238,True,True,7182.0,29.2,8138.2,33.1,13.3,True,1000.08,196,309.9
8,1,2,25,1000,2,22,19800,2475,True,True,7182.0,29.2,8138.2,33.1,13.3,True,1000.04,196,309.9
16,1,2,25,500,2,22,9900,619,True,True,11805.2,48.1,13349.7,54.3,13.1,True,1000.16,196,619.7
16,1,2,25,1000,2,22,19800,1238,True,True,11805.2,48.1,13349.7,54.3,13.1,True,1000.08,196,619.7
32,1,2,25,500,2,22,9900,310,True,True,21051.6,85.7,23772.5,96.8,12.9,True,1000.32,196,1239.5
32,1,2,25,1000,2,22,19800,619,True,True,21051.6,85.7,23772.5,96.8,12.9,True,1000.16,196,1239.5
4,1,3,25,500,2,20,9000,2250,True,True,4870.4,19.8,5526.0,22.5,13.5,True,1000.04,196,154.9
4,1,3,25,1000,2,20,18000,4500,True,True,4870.4,19.8,5526.0,22.5,13.5,True,1000.02,196,154.9
8,1,3,25,500,2,20,9000,1125,True,True,7182.0,29.2,8131.7,33.1,13.2,True,1000.09,196,309.9
8,1,3,25,1000,2,20,18000,2250,True,True,7182.0,29.2,8131.7,33.1,13.2,True,1000.04,196,309.9
16,1,3,25,500,2,20,9000,563,True,True,11805.2,48.1,13343.2,54.3,13.0,True,1000.18,196,619.7
16,1,3,25,1000,2,20,18000,1125,True,True,11805.2,48.1,13343.2,54.3,13.0,True,1000.09,196,619.7
32,1,3,25,500,2,20,9000,282,True,True,21051.6,85.7,23766.0,96.8,12.9,True,1000.35,196,1239.5
32,1,3,25,1000,2,20,18000,563,True,True,21051.6,85.7,23766.0,96.8,12.9,True,1000.18,196,1239.5
4,1,4,25,500,2,18,8100,2025,True,True,4870.4,19.8,5522.8,22.5,13.4,True,1000.05,196,154.9
4,1,4,25,1000,2,18,16200,4050,True,True,4870.4,19.8,5522.8,22.5,13.4,True,1000.02,196,154.9
8,1,4,25,500,2,18,8100,1013,True,True,7182.0,29.2,8128.5,33.1,13.2,True,1000.1,196,309.9
8,1,4,25,1000,2,18,16200,2025,True,True,7182.0,29.2,8128.5,33.1,13.2,True,1000.05,196,309.9
16,1,4,25,500,2,18,8100,507,True,True,11805.2,48.1,13339.9,54.3,13.0,True,1000.2,196,619.7
16,1,4,25,1000,2,18,16200,1013,True,True,11805.2,48.1,13339.9,54.3,13.0,True,1000.1,196,619.7
32,1,4,25,500,2,18,8100,254,True,True,21051.6,85.7,23762.8,96.7,12.9,True,1000.39,196,1239.5
32,1,4,25,1000,2,18,16200,507,True,True,21051.6,85.7,23762.8,96.7,12.9,True,1000.2,196,1239.5
4,1,5,25,500,2,16,7200,1800,True,True,4870.4,19.8,5519.5,22.5,13.3,True,1000.06,196,154.9
4,1,5,25,1000,2,16,14400,3600,True,True,4870.4,19.8,5519.5,22.5,13.3,True,1000.03,196,154.9
8,1,5,25,500,2,16,7200,900,True,True,7182.0,29.2,8125.2,33.1,13.1,True,1000.11,196,309.9
8,1,5,25,1000,2,16,14400,1800,True,True,7182.0,29.2,8125.2,33.1,13.1,True,1000.06,196,309.9
16,1,5,25,500,2,16,7200,450,True,True,11805.2,48.1,13336.7,54.3,13.0,True,1000.22,196,619.7
16,1,5,25,1000,2,16,14400,900,True,True,11805.2,48.1,13336.7,54.3,13.0,True,1000.11,196,619.7
32,1,5,25,500,2,16,7200,225,True,True,21051.6,85.7,23759.5,96.7,12.9,True,1000.44,196,1239.5
32,1,5,25,1000,2,16,14400,450,True,True,21051.6,85.7,23759.5,96.7,12.9,True,1000.22,196,1239.5
4,2,1,25,500,2,23,10350,2588,True,True,6569.9,26.7,7536.9,30.7,14.7,True,2000.04,392,619.7
4,2,1,25,1000,2,23,20700,5175,True,True,6569.9,26.7,7536.9,30.7,14.7,True,2000.02,392,619.7
8,2,1,25,500,2,23,10350,1294,True,True,10581.1,43.1,12054.4,49.1,13.9,True,2000.08,392,1239.5
8,2,1,25,1000,2,23,20700,2588,True,True,10581.1,43.1,12054.4,49.1,13.9,True,2000.04,392,1239.5
16,2,1,25,500,2,23,10350,647,True,True,18603.4,75.7,21089.6,85.9,13.4,True,2000.15,392,2478.9
16,2,1,25,1000,2,23,20700,1294,True,True,18603.4,75.7,21089.6,85.9,13.4,True,2000.08,392,2478.9
32,2,1,25,500,2,23,10350,324,True,True,34648.0,141.1,39159.9,159.4,13.0,False,-1.0,392,4957.8
32,2,1,25,1000,2,23,20700,647,True,True,34648.0,141.1,39159.9,159.4,13.0,False,-1.0,392,4957.8
4,2,2,25,500,2,20,9000,2250,True,True,6569.9,26.7,7517.4,30.6,14.4,True,2000.04,392,619.7
4,2,2,25,1000,2,20,18000,4500,True,True,6569.9,26.7,7517.4,30.6,14.4,True,2000.02,392,619.7
8,2,2,25,500,2,20,9000,1125,True,True,10581.1,43.1,12034.9,49.0,13.7,True,2000.09,392,1239.5
8,2,2,25,1000,2,20,18000,2250,True,True,10581.1,43.1,12034.9,49.0,13.7,True,2000.04,392,1239.5
16,2,2,25,500,2,20,9000,563,True,True,18603.4,75.7,21070.1,85.8,13.3,True,2000.18,392,2478.9
16,2,2,25,1000,2,20,18000,1125,True,True,18603.4,75.7,21070.1,85.8,13.3,True,2000.09,392,2478.9
32,2,2,25,500,2,20,9000,282,True,True,34648.0,141.1,39140.4,159.3,13.0,False,-1.0,392,4957.8
32,2,2,25,1000,2,20,18000,563,True,True,34648.0,141.1,39140.4,159.3,13.0,False,-1.0,392,4957.8
4,2,3,25,500,2,17,7650,1913,True,True,6569.9,26.7,7510.9,30.6,14.3,True,2000.05,392,619.7
4,2,3,25,1000,2,17,15300,3825,True,True,6569.9,26.7,7510.9,30.6,14.3,True,2000.03,392,619.7
8,2,3,25,500,2,17,7650,957,True,True,10581.1,43.1,12028.4,49.0,13.7,True,2000.1,392,1239.5
8,2,3,25,1000,2,17,15300,1913,True,True,10581.1,43.1,12028.4,49.0,13.7,True,2000.05,392,1239.5
16,2,3,25,500,2,17,7650,479,True,True,18603.4,75.7,21063.6,85.7,13.2,True,2000.21,392,2478.9
16,2,3,25,1000,2,17,15300,957,True,True,18603.4,75.7,21063.6,85.7,13.2,True,2000.1,392,2478.9
32,2,3,25,500,2,17,7650,240,True,True,34648.0,141.1,39133.9,159.3,12.9,False,-1.0,392,4957.8
32,2,3,25,1000,2,17,15300,479,True,True,34648.0,141.1,39133.9,159.3,12.9,False,-1.0,392,4957.8
4,2,4,25,500,2,14,6300,1575,True,True,6569.9,26.7,7507.6,30.6,14.3,True,2000.06,392,619.7
4,2,4,25,1000,2,14,12600,3150,True,True,6569.9,26.7,7507.6,30.6,14.3,True,2000.03,392,619.7
8,2,4,25,500,2,14,6300,788,True,True,10581.1,43.1,12025.2,49.0,13.6,True,2000.13,392,1239.5
8,2,4,25,1000,2,14,12600,1575,True,True,10581.1,43.1,12025.2,49.0,13.6,True,2000.06,392,1239.5
16,2,4,25,500,2,14,6300,394,True,True,18603.4,75.7,21060.3,85.7,13.2,True,2000.25,392,2478.9
16,2,4,25,1000,2,14,12600,788,True,True,18603.4,75.7,21060.3,85.7,13.2,True,2000.13,392,2478.9
32,2,4,25,500,2,14,6300,197,True,True,34648.0,141.1,39130.6,159.3,12.9,False,-1.0,392,4957.8
32,2,4,25,1000,2,14,12600,394,True,True,34648.0,141.1,39130.6,159.3,12.9,False,-1.0,392,4957.8
4,2,5,25,500,2,11,4950,1238,True,False,6569.9,26.7,7504.4,30.6,14.2,True,-1.0,392,619.7
4,2,5,25,1000,2,11,9900,2475,True,False,6569.9,26.7,7504.4,30.6,14.2,True,-1.0,392,619.7
8,2,5,25,500,2,11,4950,619,True,False,10581.1,43.1,12021.9,48.9,13.6,True,-1.0,392,1239.5
8,2,5,25,1000,2,11,9900,1238,True,False,10581.1,43.1,12021.9,48.9,13.6,True,-1.0,392,1239.5
16,2,5,25,500,2,11,4950,310,True,False,18603.4,75.7,21057.1,85.7,13.2,True,-1.0,392,2478.9
16,2,5,25,1000,2,11,9900,619,True,False,18603.4,75.7,21057.1,85.7,13.2,True,-1.0,392,2478.9
32,2,5,25,500,2,11,4950,155,True,False,34648.0,141.1,39127.4,159.3,12.9,False,-1.0,392,4957.8
32,2,5,25,1000,2,11,9900,310,True,False,34648.0,141.1,39127.4,159.3,12.9,False,-1.0,392,4957.8
4,3,1,25,500,2,22,9900,2475,True,True,8579.3,34.9,9900.3,40.3,15.4,True,3000.04,588,1394.4
4,3,1,25,1000,2,22,19800,4950,True,True,8579.3,34.9,9900.3,40.3,15.4,True,3000.02,588,1394.4
8,3,1,25,500,2,22,9900,1238,True,True,14599.9,59.4,16676.7,67.9,14.2,True,3000.08,588,2788.8
8,3,1,25,1000,2,22,19800,2475,True,True,14599.9,59.4,16676.7,67.9,14.2,True,3000.04,588,2788.8
16,3,1,25,500,2,22,9900,619,True,True,26641.0,108.5,30229.7,123.1,13.5,False,-1.0,588,5577.6
16,3,1,25,1000,2,22,19800,1238,True,True,26641.0,108.5,30229.7,123.1,13.5,False,-1.0,588,5577.6
32,3,1,25,500,2,22,9900,310,True,True,50723.3,206.5,57335.6,233.4,13.0,False,-1.0,588,11155.1
32,3,1,25,1000,2,22,19800,619,True,True,50723.3,206.5,57335.6,233.4,13.0,False,-1.0,588,11155.1
4,3,2,25,500,2,18,8100,2025,True,True,8579.3,34.9,9880.8,40.2,15.2,True,3000.05,588,1394.4
4,3,2,25,1000,2,18,16200,4050,True,True,8579.3,34.9,9880.8,40.2,15.2,True,3000.02,588,1394.4
8,3,2,25,500,2,18,8100,1013,True,True,14599.9,59.4,16657.3,67.8,14.1,True,3000.1,588,2788.8
8,3,2,25,1000,2,18,16200,2025,True,True,14599.9,59.4,16657.3,67.8,14.1,True,3000.05,588,2788.8
16,3,2,25,500,2,18,8100,507,True,True,26641.0,108.5,30210.2,123.0,13.4,False,-1.0,588,5577.6
16,3,2,25,1000,2,18,16200,1013,True,True,26641.0,108.5,30210.2,123.0,13.4,False,-1.0,588,5577.6
32,3,2,25,500,2,18,8100,254,True,True,50723.3,206.5,57316.1,233.3,13.0,False,-1.0,588,11155.1
32,3,2,25,1000,2,18,16200,507,True,True,50723.3,206.5,57316.1,233.3,13.0,False,-1.0,588,11155.1
4,3,3,25,500,2,14,6300,1575,True,True,8579.3,34.9,9874.3,40.2,15.1,True,3000.06,588,1394.4
4,3,3,25,1000,2,14,12600,3150,True,True,8579.3,34.9,9874.3,40.2,15.1,True,3000.03,588,1394.4
8,3,3,25,500,2,14,6300,788,True,True,14599.9,59.4,16650.8,67.8,14.0,True,3000.13,588,2788.8
8,3,3,25,1000,2,14,12600,1575,True,True,14599.9,59.4,16650.8,67.8,14.0,True,3000.06,588,2788.8
16,3,3,25,500,2,14,6300,394,True,True,26641.0,108.5,30203.7,123.0,13.4,False,-1.0,588,5577.6
16,3,3,25,1000,2,14,12600,788,True,True,26641.0,108.5,30203.7,123.0,13.4,False,-1.0,588,5577.6
32,3,3,25,500,2,14,6300,197,True,True,50723.3,206.5,57309.6,233.3,13.0,False,-1.0,588,11155.1
32,3,3,25,1000,2,14,12600,394,True,True,50723.3,206.5,57309.6,233.3,13.0,False,-1.0,588,11155.1
4,3,4,25,500,2,10,4500,1125,True,True,8579.3,34.9,9871.0,40.2,15.1,True,3000.09,588,1394.4
4,3,4,25,1000,2,10,9000,2250,True,True,8579.3,34.9,9871.0,40.2,15.1,True,3000.04,588,1394.4
8,3,4,25,500,2,10,4500,563,True,True,14599.9,59.4,16647.5,67.8,14.0,True,3000.18,588,2788.8
8,3,4,25,1000,2,10,9000,1125,True,True,14599.9,59.4,16647.5,67.8,14.0,True,3000.09,588,2788.8
16,3,4,25,500,2,10,4500,282,True,True,26641.0,108.5,30200.5,122.9,13.4,False,-1.0,588,5577.6
16,3,4,25,1000,2,10,9000,563,True,True,26641.0,108.5,30200.5,122.9,13.4,False,-1.0,588,5577.6
32,3,4,25,500,2,10,4500,141,True,True,50723.3,206.5,57306.4,233.3,13.0,False,-1.0,588,11155.1
32,3,4,25,1000,2,10,9000,282,True,True,50723.3,206.5,57306.4,233.3,13.0,False,-1.0,588,11155.1
4,3,5,25,500,2,6,2700,675,True,False,8579.3,34.9,9867.8,40.2,15.0,True,-1.0,588,1394.4
4,3,5,25,1000,2,6,5400,1350,True,False,8579.3,34.9,9867.8,40.2,15.0,True,-1.0,588,1394.4
8,3,5,25,500,2,6,2700,338,True,False,14599.9,59.4,16644.3,67.8,14.0,True,-1.0,588,2788.8
8,3,5,25,1000,2,6,5400,675,True,False,14599.9,59.4,16644.3,67.8,14.0,True,-1.0,588,2788.8
16,3,5,25,500,2,6,2700,169,True,False,26641.0,108.5,30197.2,122.9,13.3,False,-1.0,588,5577.6
16,3,5,25,1000,2,6,5400,338,True,False,26641.0,108.5,30197.2,122.9,13.3,False,-1.0,588,5577.6
32,3,5,25,500,2,6,2700,85,True,False,50723.3,206.5,57303.1,233.3,13.0,False,-1.0,588,11155.1
32,3,5,25,1000,2,6,5400,169,True,False,50723.3,206.5,57303.1,233.3,13.0,False,-1.0,588,11155.1
4,4,1,25,500,2,21,9450,2363,True,True,10898.6,44.4,12642.2,51.5,16.0,True,4000.04,784,2478.9
4,4,1,25,1000,2,21,18900,4725,True,True,10898.6,44.4,12642.2,51.5,16.0,True,4000.02,784,2478.9
8,4,1,25,500,2,21,9450,1182,True,True,19238.5,78.3,22024.7,89.7,14.5,True,4000.08,784,4957.8
8,4,1,25,1000,2,21,18900,2363,True,True,19238.5,78.3,22024.7,89.7,14.5,True,4000.04,784,4957.8
16,4,1,25,500,2,21,9450,591,True,True,35918.1,146.2,40789.5,166.1,13.6,False,-1.0,784,9915.7
16,4,1,25,1000,2,21,18900,1182,True,True,35918.1,146.2,40789.5,166.1,13.6,False,-1.0,784,9915.7
32,4,1,25,500,2,21,9450,296,True,True,69277.5,282.0,78319.3,318.8,13.1,False,-1.0,784,19831.4
32,4,1,25,1000,2,21,18900,591,True,True,69277.5,282.0,78319.3,318.8,13.1,False,-1.0,784,19831.4
4,4,2,25,500,2,16,7200,1800,True,True,10898.6,44.4,12622.7,51.4,15.8,True,4000.06,784,2478.9
4,4,2,25,1000,2,16,14400,3600,True,True,10898.6,44.4,12622.7,51.4,15.8,True,4000.03,784,2478.9
8,4,2,25,500,2,16,7200,900,True,True,19238.5,78.3,22005.2,89.6,14.4,True,4000.11,784,4957.8
8,4,2,25,1000,2,16,14400,1800,True,True,19238.5,78.3,22005.2,89.6,14.4,True,4000.06,784,4957.8
16,4,2,25,500,2,16,7200,450,True,True,35918.1,146.2,40770.0,166.0,13.5,False,-1.0,784,9915.7
16,4,2,25,1000,2,16,14400,900,True,True,35918.1,146.2,40770.0,166.0,13.5,False,-1.0,784,9915.7
32,4,2,25,500,2,16,7200,225,True,True,69277.5,282.0,78299.8,318.8,13.0,False,-1.0,784,19831.4
32,4,2,25,1000,2,16,14400,450,True,True,69277.5,282.0,78299.8,318.8,13.0,False,-1.0,784,19831.4
4,4,3,25,500,2,11,4950,1238,True,True,10898.6,44.4,12616.2,51.4,15.8,True,4000.08,784,2478.9
4,4,3,25,1000,2,11,9900,2475,True,True,10898.6,44.4,12616.2,51.4,15.8,True,4000.04,784,2478.9
8,4,3,25,500,2,11,4950,619,True,True,19238.5,78.3,21998.7,89.6,14.3,True,4000.16,784,4957.8
8,4,3,25,1000,2,11,9900,1238,True,True,19238.5,78.3,21998.7,89.6,14.3,True,4000.08,784,4957.8
16,4,3,25,500,2,11,4950,310,True,True,35918.1,146.2,40763.5,165.9,13.5,False,-1.0,784,9915.7
16,4,3,25,1000,2,11,9900,619,True,True,35918.1,146.2,40763.5,165.9,13.5,False,-1.0,784,9915.7
32,4,3,25,500,2,11,4950,155,True,True,69277.5,282.0,78293.3,318.7,13.0,False,-1.0,784,19831.4
32,4,3,25,1000,2,11,9900,310,True,True,69277.5,282.0,78293.3,318.7,13.0,False,-1.0,784,19831.4
4,4,4,25,500,2,6,2700,675,True,False,10898.6,44.4,12613.0,51.3,15.7,True,-1.0,784,2478.9
4,4,4,25,1000,2,6,5400,1350,True,False,10898.6,44.4,12613.0,51.3,15.7,True,-1.0,784,2478.9
8,4,4,25,500,2,6,2700,338,True,False,19238.5,78.3,21995.4,89.5,14.3,True,-1.0,784,4957.8
8,4,4,25,1000,2,6,5400,675,True,False,19238.5,78.3,21995.4,89.5,14.3,True,-1.0,784,4957.8
16,4,4,25,500,2,6,2700,169,True,False,35918.1,146.2,40760.3,165.9,13.5,False,-1.0,784,9915.7
16,4,4,25,1000,2,6,5400,338,True,False,35918.1,146.2,40760.3,165.9,13.5,False,-1.0,784,9915.7
32,4,4,25,500,2,6,2700,85,True,False,69277.5,282.0,78290.0,318.7,13.0,False,-1.0,784,19831.4
32,4,4,25,1000,2,6,5400,169,True,False,69277.5,282.0,78290.0,318.7,13.0,False,-1.0,784,19831.4
4,4,5,25,500,2,1,450,113,True,False,10898.6,44.4,12609.8,51.3,15.7,True,-1.0,784,2478.9
4,4,5,25,1000,2,1,900,225,True,False,10898.6,44.4,12609.8,51.3,15.7,True,-1.0,784,2478.9
8,4,5,25,500,2,1,450,57,True,False,19238.5,78.3,21992.2,89.5,14.3,True,-1.0,784,4957.8
8,4,5,25,1000,2,1,900,113,True,False,19238.5,78.3,21992.2,89.5,14.3,True,-1.0,784,4957.8
16,4,5,25,500,2,1,450,29,True,False,35918.1,146.2,40757.0,165.9,13.5,False,-1.0,784,9915.7
16,4,5,25,1000,2,1,900,57,True,False,35918.1,146.2,40757.0,165.9,13.5,False,-1.0,784,9915.7
32,4,5,25,500,2,1,450,15,True,False,69277.5,282.0,78286.8,318.7,13.0,False,-1.0,784,19831.4
32,4,5,25,1000,2,1,900,29,True,False,69277.5,282.0,78286.8,318.7,13.0,False,-1.0,784,19831.4
4,5,1,25,500,2,20,9000,2250,True,True,13527.8,55.1,15762.8,64.2,16.5,True,5000.04,980,3873.3
4,5,1,25,1000,2,20,18000,4500,True,True,13527.8,55.1,15762.8,64.2,16.5,True,5000.02,980,3873.3
8,5,1,25,500,2,20,9000,1125,True,True,24496.7,99.7,28098.2,114.4,14.7,False,-1.0,980,7746.6
8,5,1,25,1000,2,20,18000,2250,True,True,24496.7,99.7,28098.2,114.4,14.7,False,-1.0,980,7746.6
16,5,1,25,500,2,20,9000,563,True,True,46434.7,189.0,52769.1,214.8,13.6,False,-1.0,980,15493.3
16,5,1,25,1000,2,20,18000,1125,True,True,46434.7,189.0,52769.1,214.8,13.6,False,-1.0,980,15493.3
32,5,1,25,500,2,20,9000,282,True,True,90310.7,367.7,102110.8,415.7,13.1,False,-1.0,980,30986.5
32,5,1,25,1000,2,20,18000,563,True,True,90310.7,367.7,102110.8,415.7,13.1,False,-1.0,980,30986.5
4,5,2,25,500,2,14,6300,1575,True,True,13527.8,55.1,15743.3,64.1,16.4,True,5000.06,980,3873.3
4,5,2,25,1000,2,14,12600,3150,True,True,13527.8,55.1,15743.3,64.1,16.4,True,5000.03,980,3873.3
8,5,2,25,500,2,14,6300,788,True,True,24496.7,99.7,28078.7,114.3,14.6,False,-1.0,980,7746.6
8,5,2,25,1000,2,14,12600,1575,True,True,24496.7,99.7,28078.7,114.3,14.6,False,-1.0,980,7746.6
16,5,2,25,500,2,14,6300,394,True,True,46434.7,189.0,52749.6,214.7,13.6,False,-1.0,980,15493.3
16,5,2,25,1000,2,14,12600,788,True,True,46434.7,189.0,52749.6,214.7,13.6,False,-1.0,980,15493.3
32,5,2,25,500,2,14,6300,197,True,True,90310.7,367.7,102091.3,415.6,13.0,False,-1.0,980,30986.5
32,5,2,25,1000,2,14,12600,394,True,True,90310.7,367.7,102091.3,415.6,13.0,False,-1.0,980,30986.5
4,5,3,25,500,2,8,3600,900,True,True,13527.8,55.1,15736.8,64.1,16.3,True,5000.11,980,3873.3
4,5,3,25,1000,2,8,7200,1800,True,True,13527.8,55.1,15736.8,64.1,16.3,True,5000.06,980,3873.3
8,5,3,25,500,2,8,3600,450,True,True,24496.7,99.7,28072.2,114.3,14.6,False,-1.0,980,7746.6
8,5,3,25,1000,2,8,7200,900,True,True,24496.7,99.7,28072.2,114.3,14.6,False,-1.0,980,7746.6
16,5,3,25,500,2,8,3600,225,True,True,46434.7,189.0,52743.1,214.7,13.6,False,-1.0,980,15493.3
16,5,3,25,1000,2,8,7200,450,True,True,46434.7,189.0,52743.1,214.7,13.6,False,-1.0,980,15493.3
32,5,3,25,500,2,8,3600,113,True,True,90310.7,367.7,102084.8,415.6,13.0,False,-1.0,980,30986.5
32,5,3,25,1000,2,8,7200,225,True,True,90310.7,367.7,102084.8,415.6,13.0,False,-1.0,980,30986.5
4,5,4,25,500,2,2,900,225,True,False,13527.8,55.1,15733.5,64.1,16.3,True,-1.0,980,3873.3
4,5,4,25,1000,2,2,1800,450,True,False,13527.8,55.1,15733.5,64.1,16.3,True,-1.0,980,3873.3
8,5,4,25,500,2,2,900,113,True,False,24496.7,99.7,28069.0,114.3,14.6,False,-1.0,980,7746.6
8,5,4,25,1000,2,2,1800,225,True,False,24496.7,99.7,28069.0,114.3,14.6,False,-1.0,980,7746.6
16,5,4,25,500,2,2,900,57,True,False,46434.7,189.0,52739.8,214.7,13.6,False,-1.0,980,15493.3
16,5,4,25,1000,2,2,1800,113,True,False,46434.7,189.0,52739.8,214.7,13.6,False,-1.0,980,15493.3
32,5,4,25,500,2,2,900,29,True,False,90310.7,367.7,102081.6,415.6,13.0,False,-1.0,980,30986.5
32,5,4,25,1000,2,2,1800,57,True,False,90310.7,367.7,102081.6,415.6,13.0,False,-1.0,980,30986.5
4,5,5,25,500,2,0,0,0,False,False,13527.8,55.1,15730.3,64.0,16.3,True,-1.0,980,3873.3
4,5,5,25,1000,2,0,0,0,False,False,13527.8,55.1,15730.3,64.0,16.3,True,-1.0,980,3873.3
8,5,5,25,500,2,0,0,0,False,False,24496.7,99.7,28065.7,114.3,14.6,False,-1.0,980,7746.6
8,5,5,25,1000,2,0,0,0,False,False,24496.7,99.7,28065.7,114.3,14.6,False,-1.0,980,7746.6
16,5,5,25,500,2,0,0,0,False,False,46434.7,189.0,52736.6,214.7,13.6,False,-1.0,980,15493.3
16,5,5,25,1000,2,0,0,0,False,False,46434.7,189.0,52736.6,214.7,13.6,False,-1.0,980,15493.3
32,5,5,25,500,2,0,0,0,False,False,90310.7,367.7,102078.3,415.6,13.0,False,-1.0,980,30986.5
32,5,5,25,1000,2,0,0,0,False,False,90310.7,367.7,102078.3,415.6,13.0,False,-1.0,980,30986.5
4,6,1,25,500,2,19,8550,2138,True,True,16466.8,67.0,19261.9,78.4,17.0,True,6000.05,1176,5577.6
4,6,1,25,1000,2,19,17100,4275,True,True,16466.8,67.0,19261.9,78.4,17.0,True,6000.02,1176,5577.6
8,6,1,25,500,2,19,8550,1069,True,True,30374.8,123.7,34897.4,142.1,14.9,False,-1.0,1176,11155.1
8,6,1,25,1000,2,19,17100,2138,True,True,30374.8,123.7,34897.4,142.1,14.9,False,-1.0,1176,11155.1
16,6,1,25,500,2,19,8550,535,True,True,58190.8,236.9,66168.3,269.4,13.7,False,-1.0,1176,22310.3
16,6,1,25,1000,2,19,17100,1069,True,True,58190.8,236.9,66168.3,269.4,13.7,False,-1.0,1176,22310.3
32,6,1,25,500,2,19,8550,268,True,True,113822.8,463.4,128710.3,524.0,13.1,False,-1.0,1176,44620.6
32,6,1,25,1000,2,19,17100,535,True,True,113822.8,463.4,128710.3,524.0,13.1,False,-1.0,1176,44620.6
4,6,2,25,500,2,12,5400,1350,True,True,16466.8,67.0,19242.4,78.3,16.9,True,6000.07,1176,5577.6
4,6,2,25,1000,2,12,10800,2700,True,True,16466.8,67.0,19242.4,78.3,16.9,True,6000.04,1176,5577.6
8,6,2,25,500,2,12,5400,675,True,True,30374.8,123.7,34877.9,142.0,14.8,False,-1.0,1176,11155.1
8,6,2,25,1000,2,12,10800,1350,True,True,30374.8,123.7,34877.9,142.0,14.8,False,-1.0,1176,11155.1
16,6,2,25,500,2,12,5400,338,True,True,58190.8,236.9,66148.8,269.3,13.7,False,-1.0,1176,22310.3
16,6,2,25,1000,2,12,10800,675,True,True,58190.8,236.9,66148.8,269.3,13.7,False,-1.0,1176,22310.3
32,6,2,25,500,2,12,5400,169,True,True,113822.8,463.4,128690.8,523.9,13.1,False,-1.0,1176,44620.6
32,6,2,25,1000,2,12,10800,338,True,True,113822.8,463.4,128690.8,523.9,13.1,False,-1.0,1176,44620.6
4,6,3,25,500,2,5,2250,563,True,False,16466.8,67.0,19235.9,78.3,16.8,True,-1.0,1176,5577.6
4,6,3,25,1000,2,5,4500,1125,True,False,16466.8,67.0,19235.9,78.3,16.8,True,-1.0,1176,5577.6
8,6,3,25,500,2,5,2250,282,True,False,30374.8,123.7,34871.4,142.0,14.8,False,-1.0,1176,11155.1
8,6,3,25,1000,2,5,4500,563,True,False,30374.8,123.7,34871.4,142.0,14.8,False,-1.0,1176,11155.1
16,6,3,25,500,2,5,2250,141,True,False,58190.8,236.9,66142.3,269.3,13.7,False,-1.0,1176,22310.3
16,6,3,25,1000,2,5,4500,282,True,False,58190.8,236.9,66142.3,269.3,13.7,False,-1.0,1176,22310.3
32,6,3,25,500,2,5,2250,71,True,False,113822.8,463.4,128684.3,523.9,13.1,False,-1.0,1176,44620.6
32,6,3,25,1000,2,5,4500,141,True,False,113822.8,463.4,128684.3,523.9,13.1,False,-1.0,1176,44620.6
4,6,4,25,500,2,0,0,0,False,False,16466.8,67.0,19232.6,78.3,16.8,True,-1.0,1176,5577.6
4,6,4,25,1000,2,0,0,0,False,False,16466.8,67.0,19232.6,78.3,16.8,True,-1.0,1176,5577.6
8,6,4,25,500,2,0,0,0,False,False,30374.8,123.7,34868.1,141.9,14.8,False,-1.0,1176,11155.1
8,6,4,25,1000,2,0,0,0,False,False,30374.8,123.7,34868.1,141.9,14.8,False,-1.0,1176,11155.1
16,6,4,25,500,2,0,0,0,False,False,58190.8,236.9,66139.1,269.3,13.7,False,-1.0,1176,22310.3
16,6,4,25,1000,2,0,0,0,False,False,58190.8,236.9,66139.1,269.3,13.7,False,-1.0,1176,22310.3
32,6,4,25,500,2,0,0,0,False,False,113822.8,463.4,128681.0,523.9,13.1,False,-1.0,1176,44620.6
32,6,4,25,1000,2,0,0,0,False,False,113822.8,463.4,128681.0,523.9,13.1,False,-1.0,1176,44620.6
4,6,5,25,500,2,0,0,0,False,False,16466.8,67.0,19229.4,78.3,16.8,True,-1.0,1176,5577.6
4,6,5,25,1000,2,0,0,0,False,False,16466.8,67.0,19229.4,78.3,16.8,True,-1.0,1176,5577.6
8,6,5,25,500,2,0,0,0,False,False,30374.8,123.7,34864.9,141.9,14.8,False,-1.0,1176,11155.1
8,6,5,25,1000,2,0,0,0,False,False,30374.8,123.7,34864.9,141.9,14.8,False,-1.0,1176,11155.1
16,6,5,25,500,2,0,0,0,False,False,58190.8,236.9,66135.8,269.2,13.7,False,-1.0,1176,22310.3
16,6,5,25,1000,2,0,0,0,False,False,58190.8,236.9,66135.8,269.2,13.7,False,-1.0,1176,22310.3
32,6,5,25,500,2,0,0,0,False,False,113822.8,463.4,128677.8,523.8,13.1,False,-1.0,1176,44620.6
32,6,5,25,1000,2,0,0,0,False,False,113822.8,463.4,128677.8,523.8,13.1,False,-1.0,1176,44620.6
4,7,1,25,500,2,18,8100,2025,True,True,19715.6,80.3,23139.5,94.2,17.4,True,7000.05,1372,7591.7
4,7,1,25,1000,2,18,16200,4050,True,True,19715.6,80.3,23139.5,94.2,17.4,True,7000.02,1372,7591.7
8,7,1,25,500,2,18,8100,1013,True,True,36872.5,150.1,42422.1,172.7,15.1,False,-1.0,1372,15183.4
8,7,1,25,1000,2,18,16200,2025,True,True,36872.5,150.1,42422.1,172.7,15.1,False,-1.0,1372,15183.4
16,7,1,25,500,2,18,8100,507,True,True,71186.3,289.8,80987.3,329.7,13.8,False,-1.0,1372,30366.8
16,7,1,25,1000,2,18,16200,1013,True,True,71186.3,289.8,80987.3,329.7,13.8,False,-1.0,1372,30366.8
32,7,1,25,500,2,18,8100,254,True,True,139813.8,569.2,158117.6,643.7,13.1,False,-1.0,1372,60733.6
32,7,1,25,1000,2,18,16200,507,True,True,139813.8,569.2,158117.6,643.7,13.1,False,-1.0,1372,60733.6
4,7,2,25,500,2,10,4500,1125,True,True,19715.6,80.3,23120.0,94.1,17.3,True,7000.09,1372,7591.7
4,7,2,25,1000,2,10,9000,2250,True,True,19715.6,80.3,23120.0,94.1,17.3,True,7000.04,1372,7591.7
8,7,2,25,500,2,10,4500,563,True,True,36872.5,150.1,42402.6,172.6,15.0,False,-1.0,1372,15183.4
8,7,2,25,1000,2,10,9000,1125,True,True,36872.5,150.1,42402.6,172.6,15.0,False,-1.0,1372,15183.4
16,7,2,25,500,2,10,4500,282,True,True,71186.3,289.8,80967.8,329.6,13.7,False,-1.0,1372,30366.8
16,7,2,25,1000,2,10,9000,563,True,True,71186.3,289.8,80967.8,329.6,13.7,False,-1.0,1372,30366.8
32,7,2,25,500,2,10,4500,141,True,True,139813.8,569.2,158098.1,643.6,13.1,False,-1.0,1372,60733.6
32,7,2,25,1000,2,10,9000,282,True,True,139813.8,569.2,158098.1,643.6,13.1,False,-1.0,1372,60733.6
4,7,3,25,500,2,2,900,225,True,False,19715.6,80.3,23113.5,94.1,17.2,True,-1.0,1372,7591.7
4,7,3,25,1000,2,2,1800,450,True,False,19715.6,80.3,23113.5,94.1,17.2,True,-1.0,1372,7591.7
8,7,3,25,500,2,2,900,113,True,False,36872.5,150.1,42396.1,172.6,15.0,False,-1.0,1372,15183.4
8,7,3,25,1000,2,2,1800,225,True,False,36872.5,150.1,42396.1,172.6,15.0,False,-1.0,1372,15183.4
16,7,3,25,500,2,2,900,57,True,False,71186.3,289.8,80961.3,329.6,13.7,False,-1.0,1372,30366.8
16,7,3,25,1000,2,2,1800,113,True,False,71186.3,289.8,80961.3,329.6,13.7,False,-1.0,1372,30366.8
32,7,3,25,500,2,2,900,29,True,False,139813.8,569.2,158091.6,643.6,13.1,False,-1.0,1372,60733.6
32,7,3,25,1000,2,2,1800,57,True,False,139813.8,569.2,158091.6,643.6,13.1,False,-1.0,1372,60733.6
4,7,4,25,500,2,0,0,0,False,False,19715.6,80.3,23110.3,94.1,17.2,True,-1.0,1372,7591.7
4,7,4,25,1000,2,0,0,0,False,False,19715.6,80.3,23110.3,94.1,17.2,True,-1.0,1372,7591.7
8,7,4,25,500,2,0,0,0,False,False,36872.5,150.1,42392.9,172.6,15.0,False,-1.0,1372,15183.4
8,7,4,25,1000,2,0,0,0,False,False,36872.5,150.1,42392.9,172.6,15.0,False,-1.0,1372,15183.4
16,7,4,25,500,2,0,0,0,False,False,71186.3,289.8,80958.0,329.6,13.7,False,-1.0,1372,30366.8
16,7,4,25,1000,2,0,0,0,False,False,71186.3,289.8,80958.0,329.6,13.7,False,-1.0,1372,30366.8
32,7,4,25,500,2,0,0,0,False,False,139813.8,569.2,158088.4,643.6,13.1,False,-1.0,1372,60733.6
32,7,4,25,1000,2,0,0,0,False,False,139813.8,569.2,158088.4,643.6,13.1,False,-1.0,1372,60733.6
4,7,5,25,500,2,0,0,0,False,False,19715.6,80.3,23107.0,94.1,17.2,True,-1.0,1372,7591.7
4,7,5,25,1000,2,0,0,0,False,False,19715.6,80.3,23107.0,94.1,17.2,True,-1.0,1372,7591.7
8,7,5,25,500,2,0,0,0,False,False,36872.5,150.1,42389.6,172.6,15.0,False,-1.0,1372,15183.4
8,7,5,25,1000,2,0,0,0,False,False,36872.5,150.1,42389.6,172.6,15.0,False,-1.0,1372,15183.4
16,7,5,25,500,2,0,0,0,False,False,71186.3,289.8,80954.8,329.6,13.7,False,-1.0,1372,30366.8
16,7,5,25,1000,2,0,0,0,False,False,71186.3,289.8,80954.8,329.6,13.7,False,-1.0,1372,30366.8
32,7,5,25,500,2,0,0,0,False,False,139813.8,569.2,158085.1,643.6,13.1,False,-1.0,1372,60733.6
32,7,5,25,1000,2,0,0,0,False,False,139813.8,569.2,158085.1,643.6,13.1,False,-1.0,1372,60733.6
4,8,1,25,500,2,17,7650,1913,True,True,23274.4,94.7,27395.8,111.5,17.7,False,-1.0,1568,9915.7
4,8,1,25,1000,2,17,15300,3825,True,True,23274.4,94.7,27395.8,111.5,17.7,False,-1.0,1568,9915.7
8,8,1,25,500,2,17,7650,957,True,True,43990.0,179.1,50672.5,206.3,15.2,False,-1.0,1568,19831.4
8,8,1,25,1000,2,17,15300,1913,True,True,43990.0,179.1,50672.5,206.3,15.2,False,-1.0,1568,19831.4
16,8,1,25,500,2,17,7650,479,True,True,85421.2,347.7,97226.0,395.8,13.8,False,-1.0,1568,39662.7
16,8,1,25,1000,2,17,15300,957,True,True,85421.2,347.7,97226.0,395.8,13.8,False,-1.0,1568,39662.7
32,8,1,25,500,2,17,7650,240,True,True,168283.7,685.1,190332.9,774.8,13.1,False,-1.0,1568,79325.5
32,8,1,25,1000,2,17,15300,479,True,True,168283.7,685.1,190332.9,774.8,13.1,False,-1.0,1568,79325.5
4,8,2,25,500,2,8,3600,900,True,True,23274.4,94.7,27376.3,111.4,17.6,False,-1.0,1568,9915.7
4,8,2,25,1000,2,8,7200,1800,True,True,23274.4,94.7,27376.3,111.4,17.6,False,-1.0,1568,9915.7
8,8,2,25,500,2,8,3600,450,True,True,43990.0,179.1,50653.0,206.2,15.1,False,-1.0,1568,19831.4
8,8,2,25,1000,2,8,7200,900,True,True,43990.0,179.1,50653.0,206.2,15.1,False,-1.0,1568,19831.4
16,8,2,25,500,2,8,3600,225,True,True,85421.2,347.7,97206.5,395.7,13.8,False,-1.0,1568,39662.7
16,8,2,25,1000,2,8,7200,450,True,True,85421.2,347.7,97206.5,395.7,13.8,False,-1.0,1568,39662.7
32,8,2,25,500,2,8,3600,113,True,True,168283.7,685.1,190313.4,774.8,13.1,False,-1.0,1568,79325.5
32,8,2,25,1000,2,8,7200,225,True,True,168283.7,685.1,190313.4,774.8,13.1,False,-1.0,1568,79325.5
4,8,3,25,500,2,0,0,0,False,False,23274.4,94.7,27369.8,111.4,17.6,False,-1.0,1568,9915.7
4,8,3,25,1000,2,0,0,0,False,False,23274.4,94.7,27369.8,111.4,17.6,False,-1.0,1568,9915.7
8,8,3,25,500,2,0,0,0,False,False,43990.0,179.1,50646.5,206.2,15.1,False,-1.0,1568,19831.4
8,8,3,25,1000,2,0,0,0,False,False,43990.0,179.1,50646.5,206.2,15.1,False,-1.0,1568,19831.4
16,8,3,25,500,2,0,0,0,False,False,85421.2,347.7,97200.0,395.7,13.8,False,-1.0,1568,39662.7
16,8,3,25,1000,2,0,0,0,False,False,85421.2,347.7,97200.0,395.7,13.8,False,-1.0,1568,39662.7
32,8,3,25,500,2,0,0,0,False,False,168283.7,685.1,190306.9,774.7,13.1,False,-1.0,1568,79325.5
32,8,3,25,1000,2,0,0,0,False,False,168283.7,685.1,190306.9,774.7,13.1,False,-1.0,1568,79325.5
4,8,4,25,500,2,0,0,0,False,False,23274.4,94.7,27366.5,111.4,17.6,False,-1.0,1568,9915.7
4,8,4,25,1000,2,0,0,0,False,False,23274.4,94.7,27366.5,111.4,17.6,False,-1.0,1568,9915.7
8,8,4,25,500,2,0,0,0,False,False,43990.0,179.1,50643.3,206.2,15.1,False,-1.0,1568,19831.4
8,8,4,25,1000,2,0,0,0,False,False,43990.0,179.1,50643.3,206.2,15.1,False,-1.0,1568,19831.4
16,8,4,25,500,2,0,0,0,False,False,85421.2,347.7,97196.7,395.7,13.8,False,-1.0,1568,39662.7
16,8,4,25,1000,2,0,0,0,False,False,85421.2,347.7,97196.7,395.7,13.8,False,-1.0,1568,39662.7
32,8,4,25,500,2,0,0,0,False,False,168283.7,685.1,190303.7,774.7,13.1,False,-1.0,1568,79325.5
32,8,4,25,1000,2,0,0,0,False,False,168283.7,685.1,190303.7,774.7,13.1,False,-1.0,1568,79325.5
4,8,5,25,500,2,0,0,0,False,False,23274.4,94.7,27363.3,111.4,17.6,False,-1.0,1568,9915.7
4,8,5,25,1000,2,0,0,0,False,False,23274.4,94.7,27363.3,111.4,17.6,False,-1.0,1568,9915.7
8,8,5,25,500,2,0,0,0,False,False,43990.0,179.1,50640.0,206.2,15.1,False,-1.0,1568,19831.4
8,8,5,25,1000,2,0,0,0,False,False,43990.0,179.1,50640.0,206.2,15.1,False,-1.0,1568,19831.4
16,8,5,25,500,2,0,0,0,False,False,85421.2,347.7,97193.5,395.7,13.8,False,-1.0,1568,39662.7
16,8,5,25,1000,2,0,0,0,False,False,85421.2,347.7,97193.5,395.7,13.8,False,-1.0,1568,39662.7
32,8,5,25,500,2,0,0,0,False,False,168283.7,685.1,190300.4,774.7,13.1,False,-1.0,1568,79325.5
32,8,5,25,1000,2,0,0,0,False,False,168283.7,685.1,190300.4,774.7,13.1,False,-1.0,1568,79325.5
4,9,1,25,500,2,16,7200,1800,True,True,27143.0,110.5,32030.5,130.4,18.0,False,-1.0,1764,12549.5
4,9,1,25,1000,2,16,14400,3600,True,True,27143.0,110.5,32030.5,130.4,18.0,False,-1.0,1764,12549.5
8,9,1,25,500,2,16,7200,900,True,True,51727.2,210.6,59648.5,242.8,15.3,False,-1.0,1764,25099.1
8,9,1,25,1000,2,16,14400,1800,True,True,51727.2,210.6,59648.5,242.8,15.3,False,-1.0,1764,25099.1
16,9,1,25,500,2,16,7200,450,True,True,100895.6,410.7,114884.3,467.7,13.9,False,-1.0,1764,50198.2
16,9,1,25,1000,2,16,14400,900,True,True,100895.6,410.7,114884.3,467.7,13.9,False,-1.0,1764,50198.2
32,9,1,25,500,2,16,7200,225,True,True,199232.5,811.1,225356.1,917.4,13.1,False,-1.0,1764,100396.3
32,9,1,25,1000,2,16,14400,450,True,True,199232.5,811.1,225356.1,917.4,13.1,False,-1.0,1764,100396.3
4,9,2,25,500,2,6,2700,675,True,True,27143.0,110.5,32011.0,130.3,17.9,False,-1.0,1764,12549.5
4,9,2,25,1000,2,6,5400,1350,True,True,27143.0,110.5,32011.0,130.3,17.9,False,-1.0,1764,12549.5
8,9,2,25,500,2,6,2700,338,True,True,51727.2,210.6,59629.0,242.7,15.3,False,-1.0,1764,25099.1
8,9,2,25,1000,2,6,5400,675,True,True,51727.2,210.6,59629.0,242.7,15.3,False,-1.0,1764,25099.1
16,9,2,25,500,2,6,2700,169,True,True,100895.6,410.7,114864.8,467.6,13.8,False,-1.0,1764,50198.2
16,9,2,25,1000,2,6,5400,338,True,True,100895.6,410.7,114864.8,467.6,13.8,False,-1.0,1764,50198.2
32,9,2,25,500,2,6,2700,85,True,True,199232.5,811.1,225336.6,917.3,13.1,False,-1.0,1764,100396.3
32,9,2,25,1000,2,6,5400,169,True,True,199232.5,811.1,225336.6,917.3,13.1,False,-1.0,1764,100396.3
4,9,3,25,500,2,0,0,0,False,False,27143.0,110.5,32004.6,130.3,17.9,False,-1.0,1764,12549.5
4,9,3,25,1000,2,0,0,0,False,False,27143.0,110.5,32004.6,130.3,17.9,False,-1.0,1764,12549.5
8,9,3,25,500,2,0,0,0,False,False,51727.2,210.6,59622.5,242.7,15.3,False,-1.0,1764,25099.1
8,9,3,25,1000,2,0,0,0,False,False,51727.2,210.6,59622.5,242.7,15.3,False,-1.0,1764,25099.1
16,9,3,25,500,2,0,0,0,False,False,100895.6,410.7,114858.3,467.6,13.8,False,-1.0,1764,50198.2
16,9,3,25,1000,2,0,0,0,False,False,100895.6,410.7,114858.3,467.6,13.8,False,-1.0,1764,50198.2
32,9,3,25,500,2,0,0,0,False,False,199232.5,811.1,225330.1,917.3,13.1,False,-1.0,1764,100396.3
32,9,3,25,1000,2,0,0,0,False,False,199232.5,811.1,225330.1,917.3,13.1,False,-1.0,1764,100396.3
4,9,4,25,500,2,0,0,0,False,False,27143.0,110.5,32001.3,130.3,17.9,False,-1.0,1764,12549.5
4,9,4,25,1000,2,0,0,0,False,False,27143.0,110.5,32001.3,130.3,17.9,False,-1.0,1764,12549.5
8,9,4,25,500,2,0,0,0,False,False,51727.2,210.6,59619.2,242.7,15.3,False,-1.0,1764,25099.1
8,9,4,25,1000,2,0,0,0,False,False,51727.2,210.6,59619.2,242.7,15.3,False,-1.0,1764,25099.1
16,9,4,25,500,2,0,0,0,False,False,100895.6,410.7,114855.1,467.6,13.8,False,-1.0,1764,50198.2
16,9,4,25,1000,2,0,0,0,False,False,100895.6,410.7,114855.1,467.6,13.8,False,-1.0,1764,50198.2
32,9,4,25,500,2,0,0,0,False,False,199232.5,811.1,225326.8,917.3,13.1,False,-1.0,1764,100396.3
32,9,4,25,1000,2,0,0,0,False,False,199232.5,811.1,225326.8,917.3,13.1,False,-1.0,1764,100396.3
4,9,5,25,500,2,0,0,0,False,False,27143.0,110.5,31998.1,130.3,17.9,False,-1.0,1764,12549.5
4,9,5,25,1000,2,0,0,0,False,False,27143.0,110.5,31998.1,130.3,17.9,False,-1.0,1764,12549.5
8,9,5,25,500,2,0,0,0,False,False,51727.2,210.6,59616.0,242.7,15.3,False,-1.0,1764,25099.1
8,9,5,25,1000,2,0,0,0,False,False,51727.2,210.6,59616.0,242.7,15.3,False,-1.0,1764,25099.1
16,9,5,25,500,2,0,0,0,False,False,100895.6,410.7,114851.8,467.6,13.8,False,-1.0,1764,50198.2
16,9,5,25,1000,2,0,0,0,False,False,100895.6,410.7,114851.8,467.6,13.8,False,-1.0,1764,50198.2
32,9,5,25,500,2,0,0,0,False,False,199232.5,811.1,225323.6,917.3,13.1,False,-1.0,1764,100396.3
32,9,5,25,1000,2,0,0,0,False,False,199232.5,811.1,225323.6,917.3,13.1,False,-1.0,1764,100396.3
4,10,1,25,500,2,15,6750,1688,True,True,31321.5,127.5,37043.9,150.8,18.3,False,-1.0,1960,15493.3
4,10,1,25,1000,2,15,13500,3375,True,True,31321.5,127.5,37043.9,150.8,18.3,False,-1.0,1960,15493.3
8,10,1,25,500,2,15,6750,844,True,True,60084.1,244.6,69350.1,282.3,15.4,False,-1.0,1960,30986.5
8,10,1,25,1000,2,15,13500,1688,True,True,60084.1,244.6,69350.1,282.3,15.4,False,-1.0,1960,30986.5
16,10,1,25,500,2,15,6750,422,True,True,117609.5,478.8,133962.4,545.4,13.9,False,-1.0,1960,61973.0
16,10,1,25,1000,2,15,13500,844,True,True,117609.5,478.8,133962.4,545.4,13.9,False,-1.0,1960,61973.0
32,10,1,25,500,2,15,6750,211,True,True,232660.3,947.2,263187.1,1071.4,13.1,False,-1.0,1960,123946.1
32,10,1,25,1000,2,15,13500,422,True,True,232660.3,947.2,263187.1,1071.4,13.1,False,-1.0,1960,123946.1
4,10,2,25,500,2,4,1800,450,True,False,31321.5,127.5,37024.4,150.7,18.2,False,-1.0,1960,15493.3
4,10,2,25,1000,2,4,3600,900,True,False,31321.5,127.5,37024.4,150.7,18.2,False,-1.0,1960,15493.3
8,10,2,25,500,2,4,1800,225,True,False,60084.1,244.6,69330.6,282.2,15.4,False,-1.0,1960,30986.5
8,10,2,25,1000,2,4,3600,450,True,False,60084.1,244.6,69330.6,282.2,15.4,False,-1.0,1960,30986.5
16,10,2,25,500,2,4,1800,113,True,False,117609.5,478.8,133942.9,545.3,13.9,False,-1.0,1960,61973.0
16,10,2,25,1000,2,4,3600,225,True,False,117609.5,478.8,133942.9,545.3,13.9,False,-1.0,1960,61973.0
32,10,2,25,500,2,4,1800,57,True,False,232660.3,947.2,263167.7,1071.4,13.1,False,-1.0,1960,123946.1
32,10,2,25,1000,2,4,3600,113,True,False,232660.3,947.2,263167.7,1071.4,13.1,False,-1.0,1960,123946.1
4,10,3,25,500,2,0,0,0,False,False,31321.5,127.5,37017.9,150.7,18.2,False,-1.0,1960,15493.3
4,10,3,25,1000,2,0,0,0,False,False,31321.5,127.5,37017.9,150.7,18.2,False,-1.0,1960,15493.3
8,10,3,25,500,2,0,0,0,False,False,60084.1,244.6,69324.1,282.2,15.4,False,-1.0,1960,30986.5
8,10,3,25,1000,2,0,0,0,False,False,60084.1,244.6,69324.1,282.2,15.4,False,-1.0,1960,30986.5
16,10,3,25,500,2,0,0,0,False,False,117609.5,478.8,133936.4,545.3,13.9,False,-1.0,1960,61973.0
16,10,3,25,1000,2,0,0,0,False,False,117609.5,478.8,133936.4,545.3,13.9,False,-1.0,1960,61973.0
32,10,3,25,500,2,0,0,0,False,False,232660.3,947.2,263161.2,1071.3,13.1,False,-1.0,1960,123946.1
32,10,3,25,1000,2,0,0,0,False,False,232660.3,947.2,263161.2,1071.3,13.1,False,-1.0,1960,123946.1
4,10,4,25,500,2,0,0,0,False,False,31321.5,127.5,37014.6,150.7,18.2,False,-1.0,1960,15493.3
4,10,4,25,1000,2,0,0,0,False,False,31321.5,127.5,37014.6,150.7,18.2,False,-1.0,1960,15493.3
8,10,4,25,500,2,0,0,0,False,False,60084.1,244.6,69320.8,282.2,15.4,False,-1.0,1960,30986.5
8,10,4,25,1000,2,0,0,0,False,False,60084.1,244.6,69320.8,282.2,15.4,False,-1.0,1960,30986.5
16,10,4,25,500,2,0,0,0,False,False,117609.5,478.8,133933.2,545.2,13.9,False,-1.0,1960,61973.0
16,10,4,25,1000,2,0,0,0,False,False,117609.5,478.8,133933.2,545.2,13.9,False,-1.0,1960,61973.0
32,10,4,25,500,2,0,0,0,False,False,232660.3,947.2,263157.9,1071.3,13.1,False,-1.0,1960,123946.1
32,10,4,25,1000,2,0,0,0,False,False,232660.3,947.2,263157.9,1071.3,13.1,False,-1.0,1960,123946.1
4,10,5,25,500,2,0,0,0,False,False,31321.5,127.5,37011.4,150.7,18.2,False,-1.0,1960,15493.3
4,10,5,25,1000,2,0,0,0,False,False,31321.5,127.5,37011.4,150.7,18.2,False,-1.0,1960,15493.3
8,10,5,25,500,2,0,0,0,False,False,60084.1,244.6,69317.6,282.2,15.4,False,-1.0,1960,30986.5
8,10,5,25,1000,2,0,0,0,False,False,60084.1,244.6,69317.6,282.2,15.4,False,-1.0,1960,30986.5
16,10,5,25,500,2,0,0,0,False,False,117609.5,478.8,133929.9,545.2,13.9,False,-1.0,1960,61973.0
16,10,5,25,1000,2,0,0,0,False,False,117609.5,478.8,133929.9,545.2,13.9,False,-1.0,1960,61973.0
32,10,5,25,500,2,0,0,0,False,False,232660.3,947.2,263154.7,1071.3,13.1,False,-1.0,1960,123946.1
32,10,5,25,1000,2,0,0,0,False,False,232660.3,947.2,263154.7,1071.3,13.1,False,-1.0,1960,123946.1
4,11,1,25,500,2,14,6300,1575,True,True,35809.8,145.8,42435.8,172.8,18.5,False,-1.0,2156,18746.8
4,11,1,25,1000,2,14,12600,3150,True,True,35809.8,145.8,42435.8,172.8,18.5,False,-1.0,2156,18746.8
8,11,1,25,500,2,14,6300,788,True,True,69060.8,281.1,79777.3,324.8,15.5,False,-1.0,2156,37493.7
8,11,1,25,1000,2,14,12600,1575,True,True,69060.8,281.1,79777.3,324.8,15.5,False,-1.0,2156,37493.7
16,11,1,25,500,2,14,6300,394,True,True,135562.9,551.9,154460.2,628.8,13.9,False,-1.0,2156,74987.4
16,11,1,25,1000,2,14,12600,788,True,True,135562.9,551.9,154460.2,628.8,13.9,False,-1.0,2156,74987.4
32,11,1,25,500,2,14,6300,197,True,True,268567.0,1093.3,303826.1,1236.9,13.1,False,-1.0,2156,149974.8
32,11,1,25,1000,2,14,12600,394,True,True,268567.0,1093.3,303826.1,1236.9,13.1,False,-1.0,2156,149974.8
4,11,2,25,500,2,2,900,225,True,False,35809.8,145.8,42416.3,172.7,18.4,False,-1.0,2156,18746.8
4,11,2,25,1000,2,2,1800,450,True,False,35809.8,145.8,42416.3,172.7,18.4,False,-1.0,2156,18746.8
8,11,2,25,500,2,2,900,113,True,False,69060.8,281.1,79757.8,324.7,15.5,False,-1.0,2156,37493.7
8,11,2,25,1000,2,2,1800,225,True,False,69060.8,281.1,79757.8,324.7,15.5,False,-1.0,2156,37493.7
16,11,2,25,500,2,2,900,57,True,False,135562.9,551.9,154440.7,628.7,13.9,False,-1.0,2156,74987.4
16,11,2,25,1000,2,2,1800,113,True,False,135562.9,551.9,154440.7,628.7,13.9,False,-1.0,2156,74987.4
32,11,2,25,500,2,2,900,29,True,False,268567.0,1093.3,303806.6,1236.8,13.1,False,-1.0,2156,149974.8
32,11,2,25,1000,2,2,1800,57,True,False,268567.0,1093.3,303806.6,1236.8,13.1,False,-1.0,2156,149974.8
4,11,3,25,500,2,0,0,0,False,False,35809.8,145.8,42409.8,172.7,18.4,False,-1.0,2156,18746.8
4,11,3,25,1000,2,0,0,0,False,False,35809.8,145.8,42409.8,172.7,18.4,False,-1.0,2156,18746.8
8,11,3,25,500,2,0,0,0,False,False,69060.8,281.1,79751.3,324.7,15.5,False,-1.0,2156,37493.7
8,11,3,25,1000,2,0,0,0,False,False,69060.8,281.1,79751.3,324.7,15.5,False,-1.0,2156,37493.7
16,11,3,25,500,2,0,0,0,False,False,135562.9,551.9,154434.2,628.7,13.9,False,-1.0,2156,74987.4
16,11,3,25,1000,2,0,0,0,False,False,135562.9,551.9,154434.2,628.7,13.9,False,-1.0,2156,74987.4
32,11,3,25,500,2,0,0,0,False,False,268567.0,1093.3,303800.1,1236.8,13.1,False,-1.0,2156,149974.8
32,11,3,25,1000,2,0,0,0,False,False,268567.0,1093.3,303800.1,1236.8,13.1,False,-1.0,2156,149974.8
4,11,4,25,500,2,0,0,0,False,False,35809.8,145.8,42406.6,172.6,18.4,False,-1.0,2156,18746.8
4,11,4,25,1000,2,0,0,0,False,False,35809.8,145.8,42406.6,172.6,18.4,False,-1.0,2156,18746.8
8,11,4,25,500,2,0,0,0,False,False,69060.8,281.1,79748.0,324.7,15.5,False,-1.0,2156,37493.7
8,11,4,25,1000,2,0,0,0,False,False,69060.8,281.1,79748.0,324.7,15.5,False,-1.0,2156,37493.7
16,11,4,25,500,2,0,0,0,False,False,135562.9,551.9,154431.0,628.7,13.9,False,-1.0,2156,74987.4
16,11,4,25,1000,2,0,0,0,False,False,135562.9,551.9,154431.0,628.7,13.9,False,-1.0,2156,74987.4
32,11,4,25,500,2,0,0,0,False,False,268567.0,1093.3,303796.9,1236.8,13.1,False,-1.0,2156,149974.8
32,11,4,25,1000,2,0,0,0,False,False,268567.0,1093.3,303796.9,1236.8,13.1,False,-1.0,2156,149974.8
4,11,5,25,500,2,0,0,0,False,False,35809.8,145.8,42403.3,172.6,18.4,False,-1.0,2156,18746.8
4,11,5,25,1000,2,0,0,0,False,False,35809.8,145.8,42403.3,172.6,18.4,False,-1.0,2156,18746.8
8,11,5,25,500,2,0,0,0,False,False,69060.8,281.1,79744.8,324.6,15.5,False,-1.0,2156,37493.7
8,11,5,25,1000,2,0,0,0,False,False,69060.8,281.1,79744.8,324.6,15.5,False,-1.0,2156,37493.7
16,11,5,25,500,2,0,0,0,False,False,135562.9,551.9,154427.7,628.7,13.9,False,-1.0,2156,74987.4
16,11,5,25,1000,2,0,0,0,False,False,135562.9,551.9,154427.7,628.7,13.9,False,-1.0,2156,74987.4
32,11,5,25,500,2,0,0,0,False,False,268567.0,1093.3,303793.6,1236.7,13.1,False,-1.0,2156,149974.8
32,11,5,25,1000,2,0,0,0,False,False,268567.0,1093.3,303793.6,1236.7,13.1,False,-1.0,2156,149974.8
